"Item SKU","Item Name","Item Format","Composing Quantity"
"SKU-FBZH3VLZE8","Delivita Pizza Oven Emerald Fire","Variable",
"1010PB","Delivita Pizza Oven Emerald Fire - Pizzaiolo Bundle","Simple",
"1010-Unit","Delivita Pizza Oven Emerald Fire - Pizza Oven Only","Simple",
"1010CC","Delivita Pizza Oven Emerald Fire - Complete Collection","Simple",
"1010WFCB","Delivita Pizza Oven Emerald Fire - Wood-Fired Chef's Bundle","Simple",

"KBCB-PB","Kirami Breezy M Coalblack Hot Tub (4-6 people) - Premium Bundle","Composite",
"2723","Kirami Stepin Coalblack Steps","Simple","1"
"SPELTI-CMC","Kirami Air Vent for External Heaters","Simple","1"
"KBreezyMCB-BOM","Kirami Breezy M Coalblack Hot Tub Unit","Simple","1"
"CTLO","Kirami Ash Shovel for External Heaters","Simple","1"
"IC1900U","Premium Insulated Medium Cover","Simple","1"
"KiramiGrate","Kirami Grate","Simple","1"

"SKU-CRQ8KGBBFC","Charnwood Cooking Plate","Variable",
"010/BP150S","Charnwood Cooking Plate - 150mm Plate","Simple",
"010/AP150S","Charnwood Cooking Plate - 125mm Plate","Simple",

"SKU-E142DXDZER","Sales Booster Cart Pop-up Test Product 1","Variable",
"TESTQP","Sales Booster Cart Pop-up Test Product 1 - Quarter Pallet","Simple",
"TEST3/4","Sales Booster Cart Pop-up Test Product 1 - 3/4 Pallet","Simple",
"TESTHP","Sales Booster Cart Pop-up Test Product 1 - Half Pallet","Simple",
"TESTFP","Sales Booster Cart Pop-up Test Product 1 - Full Pallet","Simple",

"967864016Kit","Husqvarna 540iXP Battery Chainsaw - Unit 16'' + BLi300 &amp; QC330","Composite",
"970522202","Husqvarna QC330 Battery Charger","Simple","1"
"967864016-BOM","Husqvarna 540iXP Chainsaw (Unit Only)","Simple","1"
"967071901","Husqvarna BLi300 Battery 36w/9.4Ah","Simple","1"

"SKU-T36I9KX1QZ","Husqvarna Trimmer Head T35","Variable",
"578446301","Husqvarna Trimmer Head T35 - M10","Simple",
"578446401","Husqvarna Trimmer Head T35 - M12","Simple",

"SKU-92T6BF4TWN","Husqvarna Functional Waist Trousers","Variable",
"595000848","Husqvarna Functional Waist Trousers - 34""","Simple",
"595000852","Husqvarna Functional Waist Trousers - 36""","Simple",
"595000846","Husqvarna Functional Waist Trousers - 32""","Simple",

"CFL96","Calido Fire Log Briquettes - Full Pallet","Composite",
"CFL1","Calido Fire Log Briquettes","Simple","96"

"1005-CCB","Delivita Pizza Oven Chilli Red - Complete Collection Bundle","Composite",
"1005","Delivita Pizza Oven Chilli Red - Unit","Simple","1"
"COMPLETECOLLECTION","Delivita Complete Collection","Simple","1"

"SKU-BRG6698BH2","Husqvarna Technical Brushcutter &amp; Trimming Jacket","Variable",
"597660262","Husqvarna Technical Brushcutter &amp; Trimming Jacket - XXL","Simple",
"597660250","Husqvarna Technical Brushcutter &amp; Trimming Jacket - M","Simple",
"597660254","Husqvarna Technical Brushcutter &amp; Trimming Jacket - L","Simple",
"597660246","Husqvarna Technical Brushcutter &amp; Trimming Jacket - S","Simple",
"597660258","Husqvarna Technical Brushcutter &amp; Trimming Jacket - XL","Simple",

"SKU-5CEFQVYS3H","Calido Wood Briquettes + Net Bag Bundle","Variable",
"CWBN48BIRCHNET12","Calido Wood Briquettes + Net Bag Bundle - 48 Packs of Briquettes w/ 12 Birch Net Bags","Simple",
"CWBN48ASHNET12","Calido Wood Briquettes + Net Bag Bundle - 48 Packs of Briquettes w/ 12 Ash Net Bags","Simple",

"SKU-TL3W9NR7BM","Husqvarna C85 X-Cut Chisel 3/8 1.5mm","Variable",
"581626692","Husqvarna C85 X-Cut Chisel 3/8 1.5mm - 28""","Simple",
"581626656","Husqvarna C85 X-Cut Chisel 3/8 1.5mm - 15""","Simple",
"581626684","Husqvarna C85 X-Cut Chisel 3/8 1.5mm - 24""","Simple",
"581626668","Husqvarna C85 X-Cut Chisel 3/8 1.5mm - 18""","Simple",
"581626672","Husqvarna C85 X-Cut Chisel 3/8 1.5mm - 20""","Simple",

"CWBN24","Calido Wood Briquettes - Quarter Pallet","Composite",
"CWBN1","Calido Wood Briquettes","Simple","24"

"SKU-7ICGK89S4G","Contura 610AG Style - 6kW","Variable",
"C610AG:1","Contura 610AG Style - 6kW - Black","Simple",
"C610AG:2","Contura 610AG Style - 6kW - Black w/ warming shelf","Simple",

"SKU-6SO9NV14W9","Husqvarna Chainsaw 550XP Mark II","Variable",
"967690813","Husqvarna Chainsaw 550XP Mark II - 33cm / 13"" Bar","Simple",
"967690815","Husqvarna Chainsaw 550XP Mark II - 37cm / 15"" Bar","Simple",
"967690818","Husqvarna Chainsaw 550XP Mark II - 45cm / 18"" Bar","Simple",
"967690801","Husqvarna Chainsaw 550XP Mark II - Unit Only","Simple",

"CWBN96","Calido Wood Briquettes - Full Pallet","Composite",
"CWBN1","Calido Wood Briquettes","Simple","96"

"KST-BB","Kirami Steady M Thermowood Hot Tub (4-6 people) - Starter Bundle","Composite",
"KSteadyMTW-BOM","Kirami Steady M Thermowood Hot Tub Unit","Simple","1"

"SKU-KKPOWM4SZL","Husqvarna 520iRX Battery Trimmer","Variable",
"967916202","Husqvarna 520iRX Battery Trimmer - 520iRX Unit Only","Simple",
"967916202Kit","Husqvarna 520iRX Battery Trimmer - Unit + BLi200 &amp; QC330","Simple",

"SKU-YCE0AY4OBU","Charnwood Aire 5 Low Stand – 5kW","Variable",
"009/AIRE05LS/MB","Charnwood Aire 5 Low Stand – 5kW - Matt Black","Simple",
"009/AIRE05LS/GM","Charnwood Aire 5 Low Stand – 5kW - Gunmetal Grey","Simple",

"KiramiFamilyLRedCedarHotTub","Kirami Family L Red Cedar Hot Tub (6-8 people)","Variable",
"KFLRC-PB","Kirami Family L Red Cedar Hot Tub (6-8 people) - Premium Bundle","Simple",
"KFLRC-BBPC","Kirami Family L Red Cedar Hot Tub (6-8 people) - Standard Bundle","Simple",

"SKU-2NJKC9Q3NM","Husqvarna Technical Extreme Forest Jacket","Variable",
"582331054","Husqvarna Technical Extreme Forest Jacket - L","Simple",
"582331050","Husqvarna Technical Extreme Forest Jacket - M","Simple",
"582331046","Husqvarna Technical Extreme Forest Jacket - S","Simple",
"582331062","Husqvarna Technical Extreme Forest Jacket - XXL","Simple",
"582331058","Husqvarna Technical Extreme Forest Jacket - XL","Simple",

"SKU-UR4ABS301O","Husqvarna Wheel Brush Kit","Variable",
"587235701","Husqvarna Wheel Brush Kit - 310 / 315 Kit","Simple",
"581903102","Husqvarna Wheel Brush Kit - 400 / 500 Series Kit","Simple",
"597704601","Husqvarna Wheel Brush Kit - 305 / 405X / 415X Kit","Simple",

"1001-CCB","Delivita Pizza Oven Olive Green - Complete Collection Bundle","Composite",
"COMPLETECOLLECTION","Delivita Complete Collection","Simple","1"
"1001","Delivita Pizza Oven Olive Green - Unit","Simple","1"

"SKU-E4KFRXY0I3","Contura 620G Style - 6kW","Variable",
"C620G:1","Contura 620G Style - 6kW - Black","Simple",
"C620G:2","Contura 620G Style - 6kW - Black w/ warming shelf","Simple",

"ASHCRATE117/CWBN18","Kiln Dried Ash Crate + Calido Wood Briquettes Bundle","Composite",
"ASHCRATE117","Kiln Dried Ash Firewood - 1.17m3 Crate","Simple","1"
"CWBN1","Calido Wood Briquettes","Simple","18"

"CLOCKCOMPACTAIRKIT","Compact Clock Direct Air Kit","Composite",
"DVKIT100WH","Rytons 100mm Direct Vent Kit","Simple","1"
"CCAM","Clock Compact Air Manifold","Simple","1"

"HOTBLOX2PACK","Hot Blox Twin Pack","Composite",
"HOTBLOX1","Hot Blox - Single Pack","Simple","2"

"SKU-R53VLBJ30L","Charnwood Cove 2 MK2 Low Stand","Variable",
"009/COV02MK2LS/MB","Charnwood Cove 2 MK2 Low Stand - Matt Black","Simple",

"SKU-KVFQ8VN63F","Husqvarna Classic Forest Jacket","Variable",
"582335150","Husqvarna Classic Forest Jacket - Medium","Simple",
"582335158","Husqvarna Classic Forest Jacket - Extra Large","Simple",
"582335154","Husqvarna Classic Forest Jacket - Large","Simple",

"967916202","Husqvarna 520iRX Battery Trimmer - 520iRX Unit Only","Composite",
"520iRX-BOM","Husqvarna 520iRX Battery Trimmer Unit","Simple","1"

"HOTTIES25","Hotties Heat Logs - Quarter Pallet","Composite",
"HOTTIES1","Hotties Heat Logs - Single Pack","Simple","25"

"SKU-CGSUAW2K7F","Contura 610G Style - 6kW","Variable",
"C610G:6","Contura 610G Style - 6kW - Black w/ warming shelf","Simple",
"C610G:3","Contura 610G Style - 6kW - Black w/ glass top &amp; warming shelf","Simple",
"C610G:2","Contura 610G Style - 6kW - Black w/ glass top","Simple",
"C610G:5","Contura 610G Style - 6kW - Black w/ soapstone top","Simple",
"C610G:1","Contura 610G Style - 6kW - Black","Simple",
"C610G:9","Contura 610G Style - 6kW - White w/ glass top &amp; warming shelf","Simple",
"C610G:8","Contura 610G Style - 6kW - White w/ glass top","Simple",
"C610G:4","Contura 610G Style - 6kW - Black w/ soapstone and warming shelf","Simple",
"C610G:7","Contura 610G Style - 6kW - White","Simple",

"KiramiTinyHotTub","Kirami Tiny Hot Tub (1-2 people)","Variable",
"KT-PB","Kirami Tiny Hot Tub (1-2 people) - Premium Bundle","Simple",
"KT-PLED","Kirami Tiny Hot Tub (1-2 people) - Premium LED Bundle","Simple",
"KT-BBPC","Kirami Tiny Hot Tub (1-2 people) - Standard Bundle","Simple",

"SKU-YIL2R4ZM7L","Husqvarna Winter Jacket - Male","Variable",
"582227304","Husqvarna Winter Jacket - Male - X Large","Simple",
"582227306","Husqvarna Winter Jacket - Male - XXX Large","Simple",
"582227302","Husqvarna Winter Jacket - Male - Medium","Simple",
"582227303","Husqvarna Winter Jacket - Male - Large","Simple",
"582227301","Husqvarna Winter Jacket - Male - Small","Simple",
"582227305","Husqvarna Winter Jacket - Male - XX Large","Simple",

"HOTBLOX48","Hot Blox - Hardwood Heat Logs - Half Pallet","Composite",
"HOTBLOX1","Hot Blox - Single Pack","Simple","48"

"SKU-IILM6862J4","Husqvarna 120iTK4-H Cordless Pole Saw","Variable",
"970515902","Husqvarna 120iTK4-H Cordless Pole Saw - 120iTK4-H Unit (120iTK4 &amp; HK4)","Simple",
"970515905","Husqvarna 120iTK4-H Cordless Pole Saw - 120iTK4-H Kit (120iTK4, HK4, BLi10 &amp; QC80)","Simple",

"1006-PB","Delivita Pizza Oven Blue Diamond - Pizzaiolo Bundle","Composite",
"PIZZAIOLOCOLLECTION","Delivita Pizzaiolo Collection","Simple","1"
"1006","Delivita Pizza Oven Blue Diamond - Unit","Simple","1"

"SKU-GEYA96OYN8","Husqvarna Functional 24 Chainsaw Rubber Boots","Variable",
"595002843","Husqvarna Functional 24 Chainsaw Rubber Boots - Size 9","Simple",
"595002846","Husqvarna Functional 24 Chainsaw Rubber Boots - Size 11","Simple",
"595002844","Husqvarna Functional 24 Chainsaw Rubber Boots - Size 9.5","Simple",
"595002845","Husqvarna Functional 24 Chainsaw Rubber Boots - Size 10.5","Simple",
"595002842","Husqvarna Functional 24 Chainsaw Rubber Boots - Size 8","Simple",

"ASHNET60","60 Large Net Bags – Ash","Composite",
"ASHNET1","Single Ash Net","Simple","60"

"SKU-78R5VQIF1V","Delivita Pizza Oven Chilli Red","Variable",
"1005-CCB","Delivita Pizza Oven Chilli Red - Complete Collection Bundle","Simple",
"1005-WFCB","Delivita Pizza Oven Chilli Red - Wood-Fired Chef's Bundle","Simple",
"1005-PB","Delivita Pizza Oven Chilli Red - Pizzaiolo Bundle","Simple",
"1005-Unit","Delivita Pizza Oven Chilli Red - Pizza Oven Only","Simple",

"SKU-9JQBB4NX5C","Contura 620T Style - 6kW","Variable",
"C620T:2","Contura 620T Style - 6kW - Black w/ warming shelf","Simple",
"C620T:1","Contura 620T Style - 6kW - Black","Simple",
"C620T:3","Contura 620T Style - 6kW - Grey","Simple",
"C620T:4","Contura 620T Style - 6kW - Grey w/ warming shelf","Simple",

"SKU-0V8ACQ9QOB","RB73 Stainless Steel Sparks Catcher","Variable",
"RB73SC-100mm","RB73 Stainless Steel Sparks Catcher - Piquia (100mm)","Simple",
"RB73SC-150mm","RB73 Stainless Steel Sparks Catcher - Quaruba (150mm)","Simple",

"SKU-MIR9LFD5QI","Contura 310G - 7kW","Variable",
"310G:2","Contura 310G - 7kW - White","Simple",
"310G:1","Contura 310G - 7kW - Black","Simple",

"D60MPC-10","Durstons Premium Multi-Purpose Compost - Pallets - 10 bags","Composite",
"D60MPC","Local Delivery - Durstons 60L Premium Multi-Purpose Compost","Simple","10"

"D60MPC-20","Durstons Premium Multi-Purpose Compost - Pallets - 20 bags","Composite",
"D60MPC","Local Delivery - Durstons 60L Premium Multi-Purpose Compost","Simple","20"

"SKU-X1WNYKWK4M","NEW Kirami Tiny Hot Tub (1-2 people)","Variable",
"2970-1-PLEDB","NEW Kirami Tiny Hot Tub (1-2 people) - Premium LED Bundle","Simple",
"2970-1-PB","NEW Kirami Tiny Hot Tub (1-2 people) - Premium Bundle","Simple",
"2970-1-SB","NEW Kirami Tiny Hot Tub (1-2 people) - Standard Bundle","Simple",

"SKU-HQ5G3XUIXX","Husqvarna Mini Laminated Small Bar Mount","Variable",
"501959252","Husqvarna Mini Laminated Small Bar Mount - 14""","Simple",

"SKU-EFLBYV2KGE","Husqvarna LC 142i Battery Lawn Mower","Variable",
"970541804","Husqvarna LC 142i Battery Lawn Mower - LC 142i Kit","Simple",
"970541801","Husqvarna LC 142i Battery Lawn Mower - LC 142i Unit","Simple",

"KFMT-PB","Kirami Family M Thermowood Hot Tub (3-5 people) - Premium Bundle","Composite",
"SPELTI-CMC","Kirami Air Vent for External Heaters","Simple","1"
"KFamilyM-BOM","Kirami Family M Hot Tub Unit (Thermowood)","Simple","1"
"CTLO","Kirami Ash Shovel for External Heaters","Simple","1"
"IC1900U","Premium Insulated Medium Cover","Simple","1"
"TWR50K","Kirami Stepin Thermowood Steps","Simple","1"
"KiramiGrate","Kirami Grate","Simple","1"

"HOTTIES50","Hotties Heat Logs - Half Pallet","Composite",
"HOTTIES1","Hotties Heat Logs - Single Pack","Simple","50"

"SKU-19JM170IQ1","Husqvarna Mulch Kit","Variable",
"589222701","Husqvarna Mulch Kit - LC 141i","Simple",
"SKU-S5I6FLWXHH","Husqvarna Mulch Kit - LC 247iX / 347iVX","Simple",
"582872801","Husqvarna Mulch Kit - LC 141iV","Simple",
"531223201","Husqvarna Mulch Kit - LC 142i/iS","Simple",

"967987914Kit","Husqvarna 340i Battery Chainsaw - Unit + BLi30 &amp; QC250","Composite",
"967937701","Husqvarna BLi30 Battery","Simple","1"
"967987914","Husqvarna 340i Battery Chainsaw - 35cm / 14'' Bar &amp; Chain","Simple","1"
"967970102","Husqvarna Battery Charger QC250","Simple","1"

"CLOCKBLITHFIELDAIRKIT","Clock Blithfield 5kw Direct Air Kit","Composite",
"DVKIT100WH","Rytons 100mm Direct Vent Kit","Simple","1"
"CBAM","Clock Blithfield Air Manifold","Simple","1"

"KBCB-BBPC","Kirami Breezy M Coalblack Hot Tub (4-6 people) - Standard Bundle","Composite",
"PC1900-K","Kirami ABS Cover 170cm","Simple","1"
"SPELTI-CMC","Kirami Air Vent for External Heaters","Simple","1"
"KBreezyMCB-BOM","Kirami Breezy M Coalblack Hot Tub Unit","Simple","1"

"1004-CCB","Delivita Pizza Oven Hale Grey - Complete Collection Bundle","Composite",
"1004","Delivita Pizza Oven Hale Grey - Unit","Simple","1"
"COMPLETECOLLECTION","Delivita Complete Collection","Simple","1"

"KC-BBPC","Kirami Chill Hot Tub (3-4 people) - Standard Bundle","Composite",
"PC1900-K","Kirami ABS Cover 170cm","Simple","1"
"SPELTI-CMC","Kirami Air Vent for External Heaters","Simple","1"
"KChill-BOM","Kirami Chill Hot Tub Unit","Simple","1"

"OB-Unit","Delivita Build a Bundle - Orange Blaze","Composite",
"1007","Delivita Pizza Oven Orange Blaze - Unit","Simple","1"

"CLOCKSUDBURYAIRKIT","Clock Sudbury Direct Air Kit","Composite",
"DVKIT100WH","Rytons 100mm Direct Vent Kit","Simple","1"
"CSAM","Clock Sudbury Air Manifold","Simple","1"

"BIRCHNET24","24 Large Net Bags - Birch","Composite",
"BIRCHNET1","Single Birch Net","Simple","24"

"SKU-URO3UXHH9P","RB73 - Quaruba L Mobile Outdoor Heater","Variable",
"RB-10LM-4-Glass-Side","RB73 - Quaruba L Mobile Outdoor Heater - 4 Glass Sides","Simple",

"1004-Unit","Delivita Pizza Oven Hale Grey - Pizza Oven Only","Composite",
"1004","Delivita Pizza Oven Hale Grey - Unit","Simple","1"

"SKU-HDVQHOW41H","Husqvarna T535iXP Battery Chainsaw","Variable",
"967893912Kit","Husqvarna T535iXP Battery Chainsaw - Unit + BLi200 &amp; QC330","Simple",
"967893912","Husqvarna T535iXP Battery Chainsaw - 30cm / 12"" Bar &amp; Chain","Simple",

"967884810-VAR","Husqvarna 530iPT5 Battery Pole Saw","Variable",
"967884810","Husqvarna 530iPT5 Battery Pole Saw - 25cm / 10"" Bar &amp; Chain","Simple",
"967884810Kit","Husqvarna 530iPT5 Battery Pole Saw - Unit + BLi200 &amp; QC330","Simple",

"SKU-TLBOBFNAVT","Husqvarna LC 141i Lawn Mower","Variable",
"967628405","Husqvarna LC 141i Lawn Mower - LC141i Kit","Simple",
"967628401","Husqvarna LC 141i Lawn Mower - LC141i Unit Only","Simple",

"SKU-IHPYCGR2K8","Calido Fire Log Briquettes","Variable",
"CFL96","Calido Fire Log Briquettes - Full Pallet","Simple",
"CFL48","Calido Fire Log Briquettes - Half Pallet","Simple",
"CFL72","Calido Fire Log Briquettes - 3/4 Pallet","Simple",
"CFL24","Calido Fire Log Briquettes - Quarter Pallet","Simple",

"SKU-54A17G3CXT","Charnwood Aire 3 Heat Shield","Variable",
"010/AA080/GM","Charnwood Aire 3 Heat Shield - Gunmetal Grey","Simple",
"010/AA080/MB","Charnwood Aire 3 Heat Shield - Matt Black","Simple",

"967893814","Husqvarna 535iXP Battery Chainsaw","Composite",
"535IXP-BOM","Husqvarna Battery Chainsaw 535iXP Unit","Simple","1"

"BIRCHNET40","40 Large Net Bags - Birch","Composite",
"BIRCHNET1","Single Birch Net","Simple","40"

"WOODFIREDCOLLECTION","Delivita Wood-Fired Chefs Collection","Composite",
"1509","Delivita Leather Glove","Simple","1"
"1206","Delivita All Weather Cover","Simple","1"
"1401","Delivita Rectangular Black Iron Dish","Simple","1"
"1100","Delivita Oven Door","Simple","1"
"1213","Delivita Recipe Book","Simple","1"
"44039300","Kiln Dried Sustainable Wood Pack","Simple","1"
"1210","Delivita Prod & Blow","Simple","1"
"1204","Delivita Oven Brush","Simple","1"

"SKU-7DSTJT49R5","Husqvarna Rain Jacket Coated","Variable",
"523079254","Husqvarna Rain Jacket Coated - L","Simple",
"523079250","Husqvarna Rain Jacket Coated - M","Simple",
"523079258","Husqvarna Rain Jacket Coated - XL","Simple",
"523079246","Husqvarna Rain Jacket Coated - S","Simple",

"CFL48BIRCHNET12","Calido Fire Log Briquettes + Net Bag Bundle - 48 Packs of Fire Logs w/ 12 Birch Net Bags","Composite",
"CFL1","Calido Fire Log Briquettes","Simple","48"
"BIRCHNET1","Single Birch Net","Simple","12"

"BIRCHNET12","12 Large Net Bags – Birch","Composite",
"BIRCHNET1","Single Birch Net","Simple","12"

"505698161","Husqvarna Flat Files 6'' 12 Pack","Composite",
"505698161-BOM","Husqvarna Flat Files 6” - Single","Simple","12"

"TLC2003","Kirami Breezy M Coalblack Hot Tub (4-6 people)","Variable",
"KBCB-PB","Kirami Breezy M Coalblack Hot Tub (4-6 people) - Premium Bundle","Simple",
"KBCB-BB","Kirami Breezy M Coalblack Hot Tub (4-6 people) - Basic Bundle w/ cover","Simple",
"KBCB-BBPC","Kirami Breezy M Coalblack Hot Tub (4-6 people) - Standard Bundle","Simple",
"KBCB-PBLED","Kirami Breezy M Coalblack Hot Tub (4-6 people) - Premium LED Bundle","Simple",

"KFMCB-BBPC","Kirami Family M CoalBlack Hot Tub (3-5 people) - Standard Bundle","Composite",
"PC1900-K","Kirami ABS Cover 170cm","Simple","1"
"SPELTI-CMC","Kirami Air Vent for External Heaters","Simple","1"
"KFamilyMCB-BOM","Kirami Family M Hot Tub Unit (Coalblack)","Simple","1"

"KBDW-BBPC","Kirami Breezy M Dark Walnut Hot Tub (4-6 people) - Standard Bundle","Composite",
"PC1900-K","Kirami ABS Cover 170cm","Simple","1"
"SPELTI-CMC","Kirami Air Vent for External Heaters","Simple","1"
"KDarkWalnutMCB-BOM","Kirami Breezy M Dark Walnut Hot Tub Unit","Simple","1"

"i400-G2sn","Arada i400 Cassette Wood Burning Stove","Variable",
"i400-G2sn-3sided","Arada i400 Cassette Wood Burning Stove - i400 with 3 sided frame","Simple",
"i400-G2sn-noframe","Arada i400 Cassette Wood Burning Stove - i400 without frame","Simple",

"HG-Unit","Delivita Build a Bundle - Hale Grey","Composite",
"1004","Delivita Pizza Oven Hale Grey - Unit","Simple","1"

"SKU-CBL3NJ2YCD","Durstons Premium Multi-Purpose Compost - Pallets","Variable",
"D60MPC-10","Durstons Premium Multi-Purpose Compost - Pallets - 10 bags","Simple",
"D60MPC-20","Durstons Premium Multi-Purpose Compost - Pallets - 20 bags","Simple",
"D60MPC-45","Durstons Premium Multi-Purpose Compost - Pallets - 45 bags","Simple",
"D60MPC-35","Durstons Premium Multi-Purpose Compost - Pallets - 35 bags","Simple",

"1009-WFCB","Delivita Pizza Oven Berry Hot - Wood-Fired Chef's Bundle","Composite",
"WOODFIREDCOLLECTION","Delivita Wood-Fired Chefs Collection","Simple","1"
"1009","Delivita Pizza Oven Berry Hot - Unit","Simple","1"

"SKU-UPAGUACNJC","Contura i4 Modern Cassette 3 Sided - 4kW","Variable",
"i4-3sided-grey","Contura i4 Modern Cassette 3 Sided - 4kW - Grey 3 Sided","Simple",
"i4-3sided-black","Contura i4 Modern Cassette 3 Sided - 4kW - Black 3 Sided","Simple",

"KST-BBPC","Kirami Steady M Thermowood Hot Tub (4-6 people) - Standard Bundle","Composite",
"PC1900-K","Kirami ABS Cover 170cm","Simple","1"
"SPELTI-CMC","Kirami Air Vent for External Heaters","Simple","1"
"KSteadyMTW-BOM","Kirami Steady M Thermowood Hot Tub Unit","Simple","1"

"1005-WFCB","Delivita Pizza Oven Chilli Red - Wood-Fired Chef's Bundle","Composite",
"WOODFIREDCOLLECTION","Delivita Wood-Fired Chefs Collection","Simple","1"
"1005","Delivita Pizza Oven Chilli Red - Unit","Simple","1"

"CWBNSAMPLE","Calido Wood Briquettes - Sample Pack","Composite",
"CWBN1","Calido Wood Briquettes","Simple","1"

"SKU-L5TSA09CIH","Charnwood Skye 5 Low Stand","Variable",
"009/SKYE05LS/MB","Charnwood Skye 5 Low Stand - Matt Black","Simple",

"CFL48","Calido Fire Log Briquettes - Half Pallet","Composite",
"CFL1","Calido Fire Log Briquettes","Simple","48"

"SKU-QLZ61V8KC0","Husqvarna 120i Battery Chainsaw","Variable",
"967098202","Husqvarna 120i Battery Chainsaw - 120i Kit (Includes BLI20 &amp; QC80 Charger)","Simple",
"967098201","Husqvarna 120i Battery Chainsaw - 120i Bare Unit","Simple",

"HOTTIES3PACK","Hotties Heat Logs - Three Pack","Composite",
"HOTTIES1","Hotties Heat Logs - Single Pack","Simple","3"

"1001-PB","Delivita Pizza Oven Olive Green - Pizzaiolo Bundle","Composite",
"PIZZAIOLOCOLLECTION","Delivita Pizzaiolo Collection","Simple","1"
"1001","Delivita Pizza Oven Olive Green - Unit","Simple","1"

"KHDW-PB","Kirami Hazy M DarkWalnut Hot Tub (4-6 people) - Premium Bundle","Composite",
"2723","Kirami Stepin Coalblack Steps","Simple","1"
"SPELTI-CMC","Kirami Air Vent for External Heaters","Simple","1"
"CTLO","Kirami Ash Shovel for External Heaters","Simple","1"
"IC1900U","Premium Insulated Medium Cover","Simple","1"
"KHazyDW-BOM","Kirami Hazy Dark Walnut - Unit Only","Simple","1"
"KiramiGrate","Kirami Grate","Simple","1"

"1005-PB","Delivita Pizza Oven Chilli Red - Pizzaiolo Bundle","Composite",
"1005","Delivita Pizza Oven Chilli Red - Unit","Simple","1"
"PIZZAIOLOCOLLECTION","Delivita Pizzaiolo Collection","Simple","1"

"SKU-XE0QT4I5JL","Husqvarna Shell Forest Jacket - Green","Variable",
"593250562","Husqvarna Shell Forest Jacket - Green - XXL","Simple",
"593250558","Husqvarna Shell Forest Jacket - Green - XL","Simple",
"593250550","Husqvarna Shell Forest Jacket - Green - M","Simple",
"593250554","Husqvarna Shell Forest Jacket - Green - L","Simple",
"593250546","Husqvarna Shell Forest Jacket - Green - S","Simple",

"SKU-9OPO6G1BQR","Charnwood Island III BLU Wood Burning Stove","Variable",
"009/BISL03/MB","Charnwood Island Three BLU Wood Burning Stove - Matt Black","Simple",

"BIRCHNET32","32 Large Net Bags - Birch","Composite",
"BIRCHNET1","Single Birch Net","Simple","32"

"TLC2003-1","Kirami Chill Hot Tub (3-4 people)","Variable",
"KC-PBLED","Kirami Chill Hot Tub (3-4 people) - Premium LED Bundle","Simple",
"KC-BBPC","Kirami Chill Hot Tub (3-4 people) - Standard Bundle","Simple",
"KC-PB","Kirami Chill Hot Tub (3-4 people) - Premium Bundle","Simple",
"KC-BB","Kirami Chill Hot Tub (3-4 people) - Basic Bundle w/ cover","Simple",

"SKU-AIMYGB8J9D","Charnwood Aire 5 Heat Shield","Variable",
"010/AB080/MB","Charnwood Aire 5 Heat Shield - Matt Black","Simple",
"010/AB080/GM","Charnwood Aire 5 Heat Shield - Gunmetal Grey","Simple",

"CFL48ASHNET12","Calido Fire Log Briquettes + Net Bag Bundle - 48 Packs of Fire Logs w/ 12 Ash Net Bags","Composite",
"CFL1","Calido Fire Log Briquettes","Simple","48"
"ASHNET1","Single Ash Net","Simple","12"

"SKU-ENZOS9XEM4","Auto-Mow The Cube","Variable",
"38980296","Auto-Mow The Cube - Nature","Simple",
"38980299","Auto-Mow The Cube - Black","Simple",

"SKU-BCWIM9AUST","Husqvarna 340i Battery Chainsaw","Variable",
"967987914Kit","Husqvarna 340i Battery Chainsaw - Unit + BLi30 &amp; QC250","Simple",
"967987914","Husqvarna 340i Battery Chainsaw - 35cm / 14'' Bar &amp; Chain","Simple",

"597356102","Husqvarna Intensive Round Cut File 5.5mm 12 Pack","Composite",
"597356102-BOM","Husqvarna Intensive Round Cut File 5.5mm - Single","Simple","12"

"CFLCWBN-SAMPLE","Calido Wood Briquettes & Fire Log Sample Packs","Composite",
"CFL1","Calido Fire Log Briquettes","Simple","1"
"CWBN1","Calido Wood Briquettes","Simple","1"

"SKU-QJCD6P3IHN","The Gallery Stove Ultra High Temp Matt Black Paint","Variable",
"‎GFPPAINT250SPRAY","The Gallery Stove Ultra High Temp Matt Black Paint - 250ml","Simple",
"‎GFPPAINT450SPRAY","The Gallery Stove Ultra High Temp Matt Black Paint - 450ml","Simple",

"597355501","Husqvarna File Round 4.5mm Intensive Cut – 3 Pack","Composite",
"597355501-BOM","Husqvarna File Round 4.5mm Intensive Cut – Single","Simple","3"

"1003-WFCB","Delivita Pizza Oven Very Black - Wood-Fired Chef's Bundle","Composite",
"WOODFIREDCOLLECTION","Delivita Wood-Fired Chefs Collection","Simple","1"
"1003","Delivita Pizza Oven Very Black - Unit","Simple","1"

"PTBBOX3","Pizza Tronchetti Briquettes Box - 3 Boxes","Composite",
"PTB1","Pizza Tronchetti Briquettes - In Store","Simple","3"

"SKU-0P7L8VZJX7","Delivita Pizza Oven Blue Diamond","Variable",
"1006-PB","Delivita Pizza Oven Blue Diamond - Pizzaiolo Bundle","Simple",
"1006-Unit","Delivita Pizza Oven Blue Diamond - Pizza Oven Only","Simple",
"1006-WFC","Delivita Pizza Oven Blue Diamond - Wood-Fired Chef's Bundle","Simple",
"1006-CCB","Delivita Pizza Oven Blue Diamond - Complete Collection Bundle","Simple",

"SKU-CTN3TVUU2A","Delivita Pizza Oven Hale Grey","Variable",
"1004-CCB","Delivita Pizza Oven Hale Grey - Complete Collection Bundle","Simple",
"1004-Unit","Delivita Pizza Oven Hale Grey - Pizza Oven Only","Simple",
"1004-WFCB","Delivita Pizza Oven Hale Grey - Wood-Fired Chef's Bundle","Simple",
"1004-PB","Delivita Pizza Oven Hale Grey - Pizzaiolo Bundle","Simple",

"SKU-ALBUYOW6I2","Husqvarna LC 137i Lawn Mower","Variable",
"970500901","Husqvarna LC 137i Lawn Mower - LC 137i Unit Only","Simple",
"970500904","Husqvarna LC 137i Lawn Mower - LC 137i Kit (Includes B140 &amp; C80)","Simple",
"970500902","Husqvarna LC 137i Lawn Mower - LC 137i Kit (includes BLi20 &amp; QC80)","Simple",

"970500901","Husqvarna LC 137i Lawn Mower - LC 137i Unit Only","Composite",
"967628401-BOM","Husqvarna LC 137i Lawn Mower Unit Only","Simple","1"

"EGZ6-40Ah","Ego Z6 Battery Powered Zero Turn Ride On Mower - Ego Z6 40Ah Kit","Composite",
"EGZ6","Ego Power+ Z6 107cm 56V Battery-Powered Zero-Turn Ride-On Mower (BOM)","Simple","1"
"BA5600T","Ego Power+ BA5600T G3 10.0AH Battery","Simple","4"

"KFMCB-SB","Kirami Family M CoalBlack Hot Tub (3-5 people) - Starter Bundle","Composite",
"KFamilyMCB-BOM","Kirami Family M Hot Tub Unit (Coalblack)","Simple","1"

"SKU-06VI2NIGHK","Husqvarna 535iRX Battery Trimmer","Variable",
"967850605","Husqvarna 535iRX Battery Trimmer - 535iRX Unit Only","Simple",
"967850603Kit","Husqvarna 535iRX Battery Trimmer - Unit + BLi300 &amp; QC330","Simple",

"SKU-CEIDRWFYDU","Husqvarna 4T SAE 30 Engine Oil","Variable",
"577419701","Husqvarna 4T SAE 30 Engine Oil - 1.4 Litre","Simple",
"577419201","Husqvarna 4T SAE 30 Engine Oil - 0.6 Litre","Simple",

"967916111Kit","Husqvarna 520iLX Battery Trimmer - Unit + BLi200 &amp; QC330","Composite",
"970522202","Husqvarna QC330 Battery Charger","Simple","1"
"967091901","Husqvarna BLi200 Battery 36w/5.2Ah","Simple","1"
"967916111","Husqvarna 520iLX Battery Trimmer - 520iLX Unit Only","Simple","1"

"SKU-7BXFE9BL6D","Husqvarna Automower® Wall Hanger","Variable",
"587224001","Husqvarna Automower® Wall Hanger - 310/315 Wall Hanger","Simple",
"597703601","Husqvarna Automower® Wall Hanger - AM305 Wall Hanger","Simple",
"585019702","Husqvarna Automower® Wall Hanger - 400-500 Series Wall Hanger","Simple",

"KFTL-PB","Kirami Family L Thermowood Hot Tub (6-8 people) - Premium Bundle","Composite",
"SPELTI-CMC","Kirami Air Vent for External Heaters","Simple","1"
"CTLO","Kirami Ash Shovel for External Heaters","Simple","1"
"KFamilyLTW-BOM","Kirami Family L Hot Tub Unit (Thermowood)","Simple","1"
"TWR50K","Kirami Stepin Thermowood Steps","Simple","1"
"IC2600U","Kirami Premium Insulated Large Cover","Simple","1"
"KiramiGrate","Kirami Grate","Simple","1"

"ASHNET24","24 Large Net Bags - Ash","Composite",
"ASHNET1","Single Ash Net","Simple","24"

"SKU-Z089RCZOD6","Charnwood Stove Spray Paint","Variable",
"008/TW57/GM","Charnwood Stove Spray Paint - Gunmetal Grey","Simple",
"008/TW57/MB","Charnwood Stove Spray Paint - Black","Simple",

"SKU-8JFW49OXMW","Husqvarna 120iTK4-P Cordless Pole Saw","Variable",
"970515901","Husqvarna 120iTK4-P Cordless Pole Saw - 120iTK4-P Unit (120iTK4 &amp; PK4)","Simple",

"SKU-5W7N0LTJ1Y","Husqvarna Functional Rain Jacket","Variable",
"597662854","Husqvarna Functional Rain Jacket - Large","Simple",
"597662850","Husqvarna Functional Rain Jacket - Medium","Simple",
"597662858","Husqvarna Functional Rain Jacket - Extra Large","Simple",
"597662846","Husqvarna Functional Rain Jacket - Small","Simple",

"1006-Unit","Delivita Pizza Oven Blue Diamond - Pizza Oven Only","Composite",
"1006","Delivita Pizza Oven Blue Diamond - Unit","Simple","1"

"SKU-CAJMCPKCCB","Husqvarna 540iXP Battery Chainsaw","Variable",
"967864016Kit","Husqvarna 540iXP Battery Chainsaw - Unit 16'' + BLi300 &amp; QC330","Simple",
"967864016","Husqvarna 540iXP Battery Chainsaw - 40cm / 16'' Bar &amp; Chain","Simple",
"967864014","Husqvarna 540iXP Battery Chainsaw - 35cm / 14'' Bar &amp; Chain","Simple",

"SKU-CXMJ0JT11D","Husqvarna Professional Petrol Chainsaw 572 XP","Variable",
"966733148","Husqvarna Professional Petrol Chainsaw 572 XP - 28""","Simple",
"966733120","Husqvarna Professional Petrol Chainsaw 572 XP - 20"" Bar","Simple",
"966733144","Husqvarna Professional Petrol Chainsaw 572 XP - 24"" Bar &amp; Chain","Simple",
"966733118","Husqvarna Professional Petrol Chainsaw 572 XP - 18"" Bar","Simple",
"966733101","Husqvarna Professional Petrol Chainsaw 572 XP - Unit Only","Simple",

"KFMT-BBPC","Kirami Family M Thermowood Hot Tub (3-5 people) - Standard Bundle","Composite",
"PC1900-K","Kirami ABS Cover 170cm","Simple","1"
"SPELTI-CMC","Kirami Air Vent for External Heaters","Simple","1"
"KFamilyM-BOM","Kirami Family M Hot Tub Unit (Thermowood)","Simple","1"

"1001-Unit","Delivita Pizza Oven Olive Green - Pizza Oven Only","Composite",
"1001","Delivita Pizza Oven Olive Green - Unit","Simple","1"

"SKU-XCC6FJ3CH3","Delivita Pizza Oven Olive Green","Variable",
"1001-CCB","Delivita Pizza Oven Olive Green - Complete Collection Bundle","Simple",
"1001-PB","Delivita Pizza Oven Olive Green - Pizzaiolo Bundle","Simple",
"1001-Unit","Delivita Pizza Oven Olive Green - Pizza Oven Only","Simple",
"1001-WFCB","Delivita Pizza Oven Olive Green - Wood-Fired Chef's Bundle","Simple",

"KC-PB","Kirami Chill Hot Tub (3-4 people) - Premium Bundle","Composite",
"SPELTI-CMC","Kirami Air Vent for External Heaters","Simple","1"
"KChill-BOM","Kirami Chill Hot Tub Unit","Simple","1"
"CTLO","Kirami Ash Shovel for External Heaters","Simple","1"
"IC1900U","Premium Insulated Medium Cover","Simple","1"
"RPCH","Kirami Chill Steps","Simple","1"
"KiramiGrate","Kirami Grate","Simple","1"

"HOTTIES100","Hotties Heat Logs - Full Pallet","Composite",
"HOTTIES1","Hotties Heat Logs - Single Pack","Simple","100"

"SKU-JHFF4DBU02","Husqvarna Trimmer Head T25","Variable",
"578446001","Husqvarna Trimmer Head T25 - Tap-N-Go™ T25 3/8"" Semi Auto - Curved Shaft","Simple",
"578446101","Husqvarna Trimmer Head T25 - Tap-N-Go™ T25 M10 Semi Auto - Straight Shaft","Simple",
"579294003","Husqvarna Trimmer Head T25 - Tap-N-Go™ T25B M10 Semi Auto - Battery","Simple",
"589873201","Husqvarna Trimmer Head T25 - Tap-N-Go™ T25B M8 Semi Auto - Battery","Simple",

"1010PB","Delivita Pizza Oven Emerald Fire - Pizzaiolo Bundle","Composite",
"PIZZAIOLOCOLLECTION","Delivita Pizzaiolo Collection","Simple","1"
"1010","Delivita Pizza Oven Emerald Fire - Unit","Simple","1"

"PKOAK2PACK","Pini Kay Oak - Twin Pack","Composite",
"PKOAK1","Pini Kay Oak - Single Pack","Simple","2"

"SKU-VJEFMHK4K8","Husqvarna Gloves (functional with saw protection)","Variable",
"599651610","Husqvarna Gloves (functional with saw protection) - Size 10","Simple",
"595003909","Husqvarna Gloves (functional with saw protection) - Size 9","Simple",
"599651608","Husqvarna Gloves (functional with saw protection) - Size 8","Simple",

"SKU-BJLID73SUW","Husqvarna XP Power 4 Fuel","Variable",
"589227901","Husqvarna XP Power 4 Fuel - 1 Litre","Simple",

"SKU-G08YLD3GSJ","Husqvarna Classic High Vis Jacket","Variable",
"596304650","Husqvarna Classic High Vis Jacket - Medium","Simple",
"596304654","Husqvarna Classic High Vis Jacket - Large","Simple",
"596304662","Husqvarna Classic High Vis Jacket - XXL","Simple",
"596304646","Husqvarna Classic High Vis Jacket - Small","Simple",
"596304658","Husqvarna Classic High Vis Jacket - XL","Simple",

"CLOCKBLITHFIELD8KWAIRKIT","Clock Blithfield 8kw Direct Air Kit","Composite",
"DVKIT100WH","Rytons 100mm Direct Vent Kit","Simple","1"
"CB8KWAM","Clock Blithfield 8kw Air Manifold (Archived)","Simple","1"

"SKU-49Y1LNTN8I","Delivita Pizza Oven Orange Blaze","Variable",
"1007-Unit","Delivita Pizza Oven Orange Blaze - Pizza Oven Only","Simple",
"1007-PB","Delivita Pizza Oven Orange Blaze - Pizzaiolo Bundle","Simple",
"1007-WFCB","Delivita Pizza Oven Orange Blaze - Wood-Fired Chef's Bundle","Simple",
"1007-CCB","Delivita Pizza Oven Orange Blaze - Complete Collection Bundle","Simple",

"PPL-Twin","PIZAZZ Pizza Logs Twin Pack","Composite",
"PPL1","Pizazz Pizza Log Sample Pack","Simple","2"

"TLC2003-2","Kirami Hazy M Coalback Hot Tub (4-6 people)","Variable",
"KHCB-PBLED","Kirami Hazy M Coalback Hot Tub (4-6 people) - Premium LED Bundle","Simple",
"KHCB-BB","Kirami Hazy M Coalback Hot Tub (4-6 people) - Starter Bundle","Simple",
"KHCB-BBPC","Kirami Hazy M Coalback Hot Tub (4-6 people) - Standard Bundle","Simple",
"KHCB-PB","Kirami Hazy M Coalback Hot Tub (4-6 people) - Premium Bundle","Simple",

"D60MPC-45","Durstons Premium Multi-Purpose Compost - Pallets - 45 bags","Composite",
"D60MPC","Local Delivery - Durstons 60L Premium Multi-Purpose Compost","Simple","45"

"BIRCHASHNET12","6 Large Birch Nets & 6 Large Ash Nets","Composite",
"ASHNET1","Single Ash Net","Simple","6"
"BIRCHNET1","Single Birch Net","Simple","6"

"SKU-Y8L4GCWMY6","Kirami Viking Bathing Hat","Variable",
"KH-VIKINGGREY","Kirami Viking Bathing Hat - Grey","Simple",
"KH-VIKINGPINK","Kirami Viking Bathing Hat - Pink","Simple",

"SKU-YP6PTYYXQ1","RB73 - Quaruba XL Outdoor Heater","Variable",
"RB-10XL-1-Side","RB73 - Quaruba XL Outdoor Heater - 1 Glass Side","Simple",
"RB-10XL-2-Side","RB73 - Quaruba XL Outdoor Heater - 2 Glass Sides","Simple",
"RB-10XL-3-Side","RB73 - Quaruba XL Outdoor Heater - 3 Glass Sides","Simple",
"RB-10XL-4-Side","RB73 - Quaruba XL Outdoor Heater - 4 Glass Sides","Simple",

"BIRCHCRATE117/CFL18","Kiln Dried Birch Crate + Fire Log Briquette Bundle","Composite",
"CFL1","Calido Fire Log Briquettes","Simple","18"
"BIRCHCRATE117","Kiln Dried Birch Firewood - 1.17m3 Crate","Simple","1"

"SKU-9R282HQJZX","Hotties Heat Logs","Variable",
"HOTTIES25","Hotties Heat Logs - Quarter Pallet","Simple",
"HOTTIES50","Hotties Heat Logs - Half Pallet","Simple",
"HOTTIES100","Hotties Heat Logs - Full Pallet","Simple",

"LBNB-42","Long Burning Night Briquettes - Pallets - Half Pallet","Composite",
"NGT1","Long Burn Bark Briquettes","Simple","42"

"CFL72","Calido Fire Log Briquettes - 3/4 Pallet","Composite",
"CFL1","Calido Fire Log Briquettes","Simple","72"

"KiramiFamilyLThermowoodHotTub","Kirami Family L Thermowood Hot Tub (6-8 people)","Variable",
"KFTL-PB","Kirami Family L Thermowood Hot Tub (6-8 people) - Premium Bundle","Simple",
"KFTL-BB","Kirami Family L Thermowood Hot Tub (6-8 people) - Standard Bundle","Simple",

"PTBBOX1","Pizza Tronchetti Briquettes Box - 1 Box","Composite",
"PTB1","Pizza Tronchetti Briquettes - In Store","Simple","1"

"SKU-PD2W3LC5GC","Husqvarna Functional Jacket","Variable",
"582407305","Husqvarna Functional Jacket - XXL","Simple",
"582407302","Husqvarna Functional Jacket - Medium","Simple",
"582407304","Husqvarna Functional Jacket - XL","Simple",
"582407303","Husqvarna Functional Jacket - Large","Simple",
"582407301","Husqvarna Functional Jacket - Small","Simple",

"SKU-090X2FMXQH","Husqvarna Functional Rain Trousers","Variable",
"597662946","Husqvarna Functional Rain Trousers - Small","Simple",
"597662950","Husqvarna Functional Rain Trousers - Medium","Simple",
"597662958","Husqvarna Functional Rain Trousers - Extra Large","Simple",
"597662954","Husqvarna Functional Rain Trousers - Large","Simple",

"KHCB-BB","Kirami Hazy M Coalback Hot Tub (4-6 people) - Starter Bundle","Composite",
"KHazyCB-BOM","Kirami Hazy Coalblack - Unit Only","Simple","1"

"SKU-H64AGP3WRS","Chesneys Heat Wok Ring","Variable",
"HEAT300WR","Chesneys Heat Wok Ring - Heat &amp; Grill","Simple",
"HEAT600WR","Chesneys Heat Wok Ring - Garden Gourmet","Simple",

"967915602","Husqvarna Hedge Trimmer 520iHD60 - Unit Only","Composite",
"520iHD60-BOM","Husqvarna Hedge Trimmer 520iHD60 Unit Only","Simple","1"

"967916202Kit","Husqvarna 520iRX Battery Trimmer - Unit + BLi200 &amp; QC330","Composite",
"520iRX-BOM","Husqvarna 520iRX Battery Trimmer Unit","Simple","1"
"970522202","Husqvarna QC330 Battery Charger","Simple","1"
"967091901","Husqvarna BLi200 Battery 36w/5.2Ah","Simple","1"

"SKU-FOBYQEMAAZ","Husqvarna Power Cutter K770","Variable",
"967808601","Husqvarna Power Cutter K770 - 12""","Simple",
"967682101","Husqvarna Power Cutter K770 - 14""","Simple",

"SKU-6IG4M7HJMS","Husqvarna Chain H25","Variable",
"501840456","Husqvarna Chain H25 - 13""","Simple",
"501840472","Husqvarna Chain H25 - 18""","Simple",
"501840464","Husqvarna Chain H25 - 15""","Simple",

"SKU-5GMTZ3ZL9C","Husqvarna T540iXP Battery Chainsaw","Variable",
"967863712","Husqvarna T540iXP Battery Chainsaw - 30cm / 12"" Bar &amp; Chain","Simple",
"967863714","Husqvarna T540iXP Battery Chainsaw - 35cm / 14'' Bar &amp; Chain","Simple",
"967863714Kit","Husqvarna T540iXP Battery Chainsaw - Unit 14"" + BLi200X &amp; QC330","Simple",

"SKU-3ABKGM716C","Kirami Tubbar 2 Floating Drink Stand","Variable",
"2952","Kirami Tubbar 2 Floating Drink Stand - Grey","Simple",
"2951","Kirami Tubbar 2 Floating Drink Stand - Blue","Simple",
"2953","Kirami Tubbar 2 Floating Drink Stand - Black","Simple",

"1003-PB","Delivita Pizza Oven Very Black - Pizzaiolo Bundle","Composite",
"1003","Delivita Pizza Oven Very Black - Unit","Simple","1"
"PIZZAIOLOCOLLECTION","Delivita Pizzaiolo Collection","Simple","1"

"SKU-PWL4Q1ENXF","Husqvarna Protective Glasses","Variable",
"544963702","Husqvarna Protective Glasses - Yellow X","Simple",
"544963701","Husqvarna Protective Glasses - Clear X","Simple",
"544963801","Husqvarna Protective Glasses - Clear","Simple",

"SKU-T0IHEDXUJZ","Kirami Family M Premium Hot Tub LED Bundle","Variable",
"KFCBM-PBLED","Kirami Family M Premium Hot Tub LED Bundle - Coalblack Premium Bundle","Simple",
"KFCBNB-PBLED","Kirami Family M Premium Hot Tub LED Bundle - Night Black Premium Bundle","Simple",
"KFTM-PBLED","Kirami Family M Premium Hot Tub LED Bundle - Thermowood Premium Bundle","Simple",

"1007-Unit","Delivita Pizza Oven Orange Blaze - Pizza Oven Only","Composite",
"1007","Delivita Pizza Oven Orange Blaze - Unit","Simple","1"

"BD-Unit","Delivita Build a Bundle - Blue Diamond","Composite",
"1006","Delivita Pizza Oven Blue Diamond - Unit","Simple","1"

"SKU-CC5D94QD3P","Husqvarna Chain X-CUT SP33G Semi Chisel Pixel 1.3mm","Variable",
"581643164","Husqvarna Chain X-CUT SP33G Semi Chisel Pixel 1.3mm - 15""","Simple",
"581643172","Husqvarna Chain X-CUT SP33G Semi Chisel Pixel 1.3mm - 18""","Simple",

"BIRCHNET56","56 Large Net Bags - Birch","Composite",
"BIRCHNET1","Single Birch Net","Simple","56"

"970500903","Husqvarna LC 137i - Starter Kit","Composite",
"967098801-BOM","Husqvarna 115iL Battery Trimmer Unit","Simple","1"
"967335651","Husqvarna QC80 Charger","Simple","1"
"967091701","Husqvarna BLi20 Battery","Simple","1"
"967628401-BOM","Husqvarna LC 137i Lawn Mower Unit Only","Simple","1"

"SKU-K76CY8M0IP","Charnwood Aire 3 Low Stand - 3kW","Variable",
"009/AIRE03LS/MB","Charnwood Aire 3 Low Stand - 3kW - Matt Black","Simple",

"SKU-7E5HB0ZUUR","Husqvarna Core Cut Trimmer Line","Variable",
"597669231","Husqvarna Core Cut Trimmer Line - 3.0mm x 56m","Simple",
"597669221","Husqvarna Core Cut Trimmer Line - 2.7mm x 70m","Simple",
"597669230","Husqvarna Core Cut Trimmer Line - 3.0mm x 10m","Simple",
"597669211","Husqvarna Core Cut Trimmer Line - 2.4mm x 90m","Simple",
"597669210","Husqvarna Core Cut Trimmer Line - 2.4mm x 15m","Simple",
"597669240","Husqvarna Core Cut Trimmer Line - 3.3mm x 120m","Simple",
"597669220","Husqvarna Core Cut Trimmer Line - 2.7mm x 12m","Simple",
"597669201","Husqvarna Core Cut Trimmer Line - 2.0mm x 15m","Simple",

"SKU-OSQUDOL9P5","Calido Fire Log Briquettes - Pallets (Test)","Variable",
"HALFPALLETTEST","Calido Fire Log Briquettes - Pallets (Test) - Half Pallet","Simple",
"FULLPALLETTEST","Calido Fire Log Briquettes - Pallets (Test) - Full Pallet","Simple",
"34PalletTest","Calido Fire Log Briquettes - Pallets (Test) - 3/4 Pallet","Simple",
"QUARTERPALLETTEST","Calido Fire Log Briquettes - Pallets (Test) - Quarter Pallet","Simple",

"PIZZAIOLOCOLLECTION","Delivita Pizzaiolo Collection","Composite",
"1206","Delivita All Weather Cover","Simple","1"
"1501","Delivita Traditional Organic Vegan Dough - 12 balls","Simple","1"
"1201","Delivita Pizza Cutter","Simple","1"
"1211","Delivita Pizza Turner","Simple","1"
"44039300","Kiln Dried Sustainable Wood Pack","Simple","1"
"1210","Delivita Prod & Blow","Simple","1"
"1202","Delivita Dough Scraper","Simple","1"
"1203","Delivita Pizza Peel","Simple","1"
"1204","Delivita Oven Brush","Simple","1"

"1007-PB","Delivita Pizza Oven Orange Blaze - Pizzaiolo Bundle","Composite",
"1007","Delivita Pizza Oven Orange Blaze - Unit","Simple","1"
"PIZZAIOLOCOLLECTION","Delivita Pizzaiolo Collection","Simple","1"

"CWBN72","Calido Wood Briquettes - 3/4 Pallet","Composite",
"CWBN1","Calido Wood Briquettes","Simple","72"

"1005-Unit","Delivita Pizza Oven Chilli Red - Pizza Oven Only","Composite",
"1005","Delivita Pizza Oven Chilli Red - Unit","Simple","1"

"KC-BB","Kirami Chill Hot Tub (3-4 people) - Basic Bundle w/ cover","Composite",
"KChill-BOM","Kirami Chill Hot Tub Unit","Simple","1"

"SKU-IYWYMSHSQE","Husqvarna Trimmer Line Opti Round","Variable",
"597668831","Husqvarna Trimmer Line Opti Round - 2.7mm x 70m","Simple",
"597668810","Husqvarna Trimmer Line Opti Round - 2.0mm x 15m","Simple",
"597668860","Husqvarna Trimmer Line Opti Round - 4.0mm x 80m","Simple",
"597668811","Husqvarna Trimmer Line Opti Round - 2.0mm x 130m","Simple",
"597668830","Husqvarna Trimmer Line Opti Round - 2.7mm x 12m","Simple",
"597668801","Husqvarna Trimmer Line Opti Round - 1.5mm x 15m","Simple",
"597668821","Husqvarna Trimmer Line Opti Round - 2.4mm x 90m","Simple",
"597668822","Husqvarna Trimmer Line Opti Round - 2.4mm x 240m","Simple",
"597668850","Husqvarna Trimmer Line Opti Round - 3.3mm x 75m","Simple",
"597668851","Husqvarna Trimmer Line Opti Round - 3.3mm x 240m","Simple",
"597668852","Husqvarna Trimmer Line Opti Round - 3.3mm x 530m","Simple",
"597668843","Husqvarna Trimmer Line Opti Round - 3.0mm x 637m","Simple",
"597668820","Husqvarna Trimmer Line Opti Round - 2.4mm x 15m","Simple",
"597668840","Husqvarna Trimmer Line Opti Round - 3.0mm x 10m","Simple",
"597668841","Husqvarna Trimmer Line Opti Round - 3.0mm x 56m","Simple",
"597668832","Husqvarna Trimmer Line Opti Round - 2.7mm x 240m","Simple",
"597668842","Husqvarna Trimmer Line Opti Round - 3.0mm x 240m","Simple",

"967850605","Husqvarna 535iRX Battery Trimmer - 535iRX Unit Only","Composite",
"967850605-BOM","Husqvarna 535iRX Battery Trimmer Unit","Simple","1"

"1009-PB","Delivita Pizza Oven Berry Hot - Pizzaiolo Bundle","Composite",
"1009","Delivita Pizza Oven Berry Hot - Unit","Simple","1"
"PIZZAIOLOCOLLECTION","Delivita Pizzaiolo Collection","Simple","1"

"KiramiSteadyMThermowoodHotTubPackage","Kirami Steady M Thermowood Hot Tub (4-6 people)","Variable",
"KST-BB","Kirami Steady M Thermowood Hot Tub (4-6 people) - Starter Bundle","Simple",
"KST-BBPC","Kirami Steady M Thermowood Hot Tub (4-6 people) - Standard Bundle","Simple",
"KST-PB","Kirami Steady M Thermowood Hot Tub (4-6 people) - Premium Bundle","Simple",
"KST-PBLED","Kirami Steady M Thermowood Hot Tub (4-6 people) - Premium LED Bundle","Simple",

"EGZ6-15Ah","Ego Z6 Battery Powered Zero Turn Ride On Mower - Ego Z6 15Ah Kit","Composite",
"EGZ6","Ego Power+ Z6 107cm 56V Battery-Powered Zero-Turn Ride-On Mower (BOM)","Simple","1"
"BA5600T","Ego Power+ BA5600T G3 10.0AH Battery","Simple","1"
"BA2800E","Ego BA2800E 56V 5.0AH Li-ion Battery","Simple","1"

"SKU-O5Y8TMYY27","Husqvarna 2 Stroke Oil LS+","Variable",
"578180302","Husqvarna 2 Stroke Oil LS+ - 0.1 Litre","Simple",
"578037002","Husqvarna 2 Stroke Oil LS+ - 1 Litre","Simple",
"578037102","Husqvarna 2 Stroke Oil LS+ - 4 Litre","Simple",

"1006-WFC","Delivita Pizza Oven Blue Diamond - Wood-Fired Chef's Bundle","Composite",
"WOODFIREDCOLLECTION","Delivita Wood-Fired Chefs Collection","Simple","1"
"1006","Delivita Pizza Oven Blue Diamond - Unit","Simple","1"

"KBDW-PB","Kirami Breezy M Dark Walnut Hot Tub (4-6 people) - Premium Bundle","Composite",
"2723","Kirami Stepin Coalblack Steps","Simple","1"
"SPELTI-CMC","Kirami Air Vent for External Heaters","Simple","1"
"CTLO","Kirami Ash Shovel for External Heaters","Simple","1"
"IC1900U","Premium Insulated Medium Cover","Simple","1"
"KDarkWalnutMCB-BOM","Kirami Breezy M Dark Walnut Hot Tub Unit","Simple","1"
"KiramiGrate","Kirami Grate","Simple","1"

"KFLCB-BBPC","Kirami Family L CoalBlack Hot Tub (6-8 people) - Standard Bundle","Composite",
"SPELTI-CMC","Kirami Air Vent for External Heaters","Simple","1"
"KFamilyLCB-BOM-2","Kirami Family L Hot Tub Unit (Coalblack) - BOM","Simple","1"

"SKU-CTNEYXVDN3","Husqvarna 520iLX Battery Trimmer","Variable",
"967916111Kit","Husqvarna 520iLX Battery Trimmer - Unit + BLi200 &amp; QC330","Simple",
"967916111","Husqvarna 520iLX Battery Trimmer - 520iLX Unit Only","Simple",

"SKU-V0VGXRRAB0","Husqvarna File Round 4.0mm Intensive Cut","Variable",
"597354802","Husqvarna File Round 4.0mm Intensive Cut - 12 Pack","Simple",
"597354801","Husqvarna File Round 4.0mm Intensive Cut - 3 Pack","Simple",

"SKU-C1JP7PWUQZ","Husqvarna X-Force Pro Laminated Bar","Variable",
"582075372","Husqvarna X-Force Pro Laminated Bar - 1.3mm - 18""","Simple",
"582086972","Husqvarna X-Force Pro Laminated Bar - 1.5mm - 18""","Simple",
"585950868","Husqvarna X-Force Pro Laminated Bar - 3/8"" 1.5mm - 18""","Simple",
"582086980","Husqvarna X-Force Pro Laminated Bar - 0.325"" 1.5mm - 20""","Simple",
"585950872","Husqvarna X-Force Pro Laminated Bar - 3/8"" 1.5mm - 20""","Simple",
"582086964","Husqvarna X-Force Pro Laminated Bar - 1.5mm - 15""","Simple",
"582207445","Husqvarna X-Force Pro Laminated Bar - 3/8"" 1.1mm - 12""","Simple",
"582207645","Husqvarna X-Force Pro Laminated Bar - 3/8"" 1.3mm - 12""","Simple",
"585950856","Husqvarna X-Force Pro Laminated Bar - 3/8"" 1.5mm - 15""","Simple",
"582086956","Husqvarna X-Force Pro Laminated Bar - 0.325"" 1.5mm - 13""","Simple",
"582075364","Husqvarna X-Force Pro Laminated Bar - 1.3mm - 15""","Simple",

"SKU-0YE8IL4Y0W","Calido Wood Briquettes","Variable",
"CWBN24","Calido Wood Briquettes - Quarter Pallet","Simple",
"CWBN96","Calido Wood Briquettes - Full Pallet","Simple",
"CWBN72","Calido Wood Briquettes - 3/4 Pallet","Simple",
"CWBN48","Calido Wood Briquettes - Half Pallet","Simple",

"1007-WFCB","Delivita Pizza Oven Orange Blaze - Wood-Fired Chef's Bundle","Composite",
"WOODFIREDCOLLECTION","Delivita Wood-Fired Chefs Collection","Simple","1"
"1007","Delivita Pizza Oven Orange Blaze - Unit","Simple","1"

"COMPLETECOLLECTION","Delivita Complete Collection","Composite",
"1509","Delivita Leather Glove","Simple","1"
"1206","Delivita All Weather Cover","Simple","1"
"1401","Delivita Rectangular Black Iron Dish","Simple","1"
"1100","Delivita Oven Door","Simple","1"
"1501","Delivita Traditional Organic Vegan Dough - 12 balls","Simple","1"
"1201","Delivita Pizza Cutter","Simple","1"
"1213","Delivita Recipe Book","Simple","1"
"1211","Delivita Pizza Turner","Simple","1"
"44039300","Kiln Dried Sustainable Wood Pack","Simple","1"
"1208","Delivita Infrared Gun","Simple","1"
"1302","Delivita Fold Away Oven Stand","Simple","1"
"1210","Delivita Prod & Blow","Simple","1"
"1202","Delivita Dough Scraper","Simple","1"
"1203","Delivita Pizza Peel","Simple","1"
"1204","Delivita Oven Brush","Simple","1"

"SKU-Y53BLZGUJ0","Delivita Pizza Oven Berry Hot","Variable",
"1009-WFCB","Delivita Pizza Oven Berry Hot - Wood-Fired Chef's Bundle","Simple",
"1009-PB","Delivita Pizza Oven Berry Hot - Pizzaiolo Bundle","Simple",
"1009-CCB","Delivita Pizza Oven Berry Hot - Complete Collection Bundle","Simple",
"1009-Unit","Delivita Pizza Oven Berry Hot - Pizza Oven Only","Simple",

"BIRCHASHNET24","12 Large Birch Nets & 12 Large Ash Nets","Composite",
"ASHNET1","Single Ash Net","Simple","12"
"BIRCHNET1","Single Birch Net","Simple","12"

"2970-1-PB","NEW Kirami Tiny Hot Tub (1-2 people) - Premium Bundle","Composite",
"SPELTI-CMC","Kirami Air Vent for External Heaters","Simple","1"
"KTiny-BOM-1","Kirami Tiny Hot Tub Unit - NEW","Simple","1"
"CTLO","Kirami Ash Shovel for External Heaters","Simple","1"
"TWR50K","Kirami Stepin Thermowood Steps","Simple","1"
"KiramiGrate","Kirami Grate","Simple","1"

"KINDLING10WAXLINGS2","10 bags of Kindling + 2 bags of Waxlings","Composite",
"KINDLING1","Kiln Dried Kindling","Simple","10"
"WAXLINGS1","Waxling Firelighters","Simple","2"

"967864016","Husqvarna 540iXP Battery Chainsaw - 40cm / 16'' Bar &amp; Chain","Composite",
"967864016-BOM","Husqvarna 540iXP Chainsaw (Unit Only)","Simple","1"

"CWBN48CFL48","Calido Wood Briquettes + Fire Logs Bundle","Composite",
"CFL1","Calido Fire Log Briquettes","Simple","48"
"CWBN1","Calido Wood Briquettes","Simple","48"

"SKU-X2RDYPL5GO","Contura 870G Style","Variable",

"LBNB-24","Long Burning Night Briquettes - Pallets - Quarter Pallet","Composite",
"NGT1","Long Burn Bark Briquettes","Simple","24"

"1003-Unit","Delivita Pizza Oven Very Black - Pizza Oven Only","Composite",
"1003","Delivita Pizza Oven Very Black - Unit","Simple","1"

"D60MPC-35","Durstons Premium Multi-Purpose Compost - Pallets - 35 bags","Composite",
"D60MPC","Local Delivery - Durstons 60L Premium Multi-Purpose Compost","Simple","35"

"1001-WFCB","Delivita Pizza Oven Olive Green - Wood-Fired Chef's Bundle","Composite",
"WOODFIREDCOLLECTION","Delivita Wood-Fired Chefs Collection","Simple","1"
"1001","Delivita Pizza Oven Olive Green - Unit","Simple","1"

"EGZ6-60Ah","Ego Z6 Battery Powered Zero Turn Ride On Mower - Ego Z6 60Ah Kit","Composite",
"EGZ6","Ego Power+ Z6 107cm 56V Battery-Powered Zero-Turn Ride-On Mower (BOM)","Simple","1"
"BA5600T","Ego Power+ BA5600T G3 10.0AH Battery","Simple","6"

"SKU-UIQZMP9ST5","Husqvarna Automower Endurance Blades","Variable",
"595084401","Husqvarna Automower Endurance Blades - 6 Pack","Simple",
"595084402","Husqvarna Automower Endurance Blades - 45 Pack","Simple",

"SKU-2PN6M1HZH6","RB73 - Quaruba L Outdoor Heater","Variable",
"RB-10L-4side","RB73 - Quaruba L Outdoor Heater - 4 Glass Sides","Simple",

"CWBN48","Calido Wood Briquettes - Half Pallet","Composite",
"CWBN1","Calido Wood Briquettes","Simple","48"

"SKU-OVKO1NS24G","Husqvarna File Kit","Variable",
"586933401","Husqvarna File Kit - Husqvarna File Kit 0.325"" 4.8mm X-CUT P33","Simple",
"505698125","Husqvarna File Kit - Husqvarna File Kit 0.325"" H25","Simple",
"587806701","Husqvarna File Kit - Husqvarna File Kit 93 X-CUT 3/8"" Mini 4.0mm","Simple",

"1007-CCB","Delivita Pizza Oven Orange Blaze - Complete Collection Bundle","Composite",
"1007","Delivita Pizza Oven Orange Blaze - Unit","Simple","1"
"COMPLETECOLLECTION","Delivita Complete Collection","Simple","1"

"HOTBLOX96","Hot Blox - Hardwood Heat Logs - Full Pallet","Composite",
"HOTBLOX1","Hot Blox - Single Pack","Simple","96"

"SKU-C4T932RFU9","Charnwood External Air Supply Kit","Variable",
"010/TH50","Charnwood External Air Supply Kit - TH50","Simple",
"010/TH62","Charnwood External Air Supply Kit - TH62","Simple",
"010/TH64","Charnwood External Air Supply Kit - TH64","Simple",
"010/TH81","Charnwood External Air Supply Kit - TH81","Simple",
"010/TH82","Charnwood External Air Supply Kit - TH82","Simple",

"SKU-SWAOO1VEPJ","RB73 - Quaruba XXL Mobile Outdoor Woodburner","Variable",
"RB-10XXLM-4-Side","RB73 - Quaruba XXL Mobile Outdoor Woodburner - 4 Glass Sides","Simple",

"1009-CCB","Delivita Pizza Oven Berry Hot - Complete Collection Bundle","Composite",
"1009","Delivita Pizza Oven Berry Hot - Unit","Simple","1"
"COMPLETECOLLECTION","Delivita Complete Collection","Simple","1"

"967915911Kit","Husqvarna 315iC Battery Trimmer - Unit + BLi20 &amp; QC80","Composite",
"967915911","Husqvarna 315iC Battery Trimmer - 315iC Unit Only","Simple","1"
"967335651","Husqvarna QC80 Charger","Simple","1"
"967091701","Husqvarna BLi20 Battery","Simple","1"

"970501718","Husqvarna Petrol Chainsaw 560 XP® - 18""","Composite",
"560XP-BOM","Husqvarna 560XP Chainsaw Unit Only","Simple","1"

"SKU-EYIN41OQQ8","Husqvarna Chain X-CUT S93G Semi Chisel 3/8 Mini 1.3mm","Variable",
"585404252","Husqvarna Chain X-CUT S93G Semi Chisel 3/8 Mini 1.3mm - 52DL / 14""","Simple",
"585404256","Husqvarna Chain X-CUT S93G Semi Chisel 3/8 Mini 1.3mm - 56DL / 16""","Simple",

"SKU-PTJ3MAWYYD","Husqvarna Chainsaw 572XPG","Variable",
"966733418","Husqvarna Chainsaw 572XPG - 18""","Simple",
"966733420","Husqvarna Chainsaw 572XPG - 20""","Simple",
"966733444","Husqvarna Chainsaw 572XPG - 24"" Bar &amp; Chain","Simple",
"9667334NB","Husqvarna Chainsaw 572XPG - Unit Only - No Bar &amp; Chain","Simple",

"KFMCB-PB","Kirami Family M CoalBlack Hot Tub (3-5 people) - Premium Bundle","Composite",
"2723","Kirami Stepin Coalblack Steps","Simple","1"
"SPELTI-CMC","Kirami Air Vent for External Heaters","Simple","1"
"CTLO","Kirami Ash Shovel for External Heaters","Simple","1"
"KFamilyMCB-BOM","Kirami Family M Hot Tub Unit (Coalblack)","Simple","1"
"IC1900U","Premium Insulated Medium Cover","Simple","1"
"KiramiGrate","Kirami Grate","Simple","1"

"KiramiFamilyMCoalblackHotTub","Kirami Family M CoalBlack Hot Tub (3-5 people)","Variable",
"KFMCB-BBPC","Kirami Family M CoalBlack Hot Tub (3-5 people) - Standard Bundle","Simple",
"KFMCB-SB","Kirami Family M CoalBlack Hot Tub (3-5 people) - Starter Bundle","Simple",
"KFMCB-PB","Kirami Family M CoalBlack Hot Tub (3-5 people) - Premium Bundle","Simple",

"KINDLINGFP","Kiln Dried Kindling - Full Pallet","Composite",
"KINDLING1","Kiln Dried Kindling","Simple","96"

"1010-Unit","Delivita Pizza Oven Emerald Fire - Pizza Oven Only","Composite",
"1010","Delivita Pizza Oven Emerald Fire - Unit","Simple","1"

"SKU-V0GCD9OUXE","Husqvarna Forest Functional Jacket","Variable",
"582331454","Husqvarna Forest Functional Jacket - Large","Simple",
"582331450","Husqvarna Forest Functional Jacket - Medium","Simple",
"582331458","Husqvarna Forest Functional Jacket - Extra Large","Simple",

"KBDW-BB","Kirami Breezy M Dark Walnut Hot Tub (4-6 people) - Basic Bundle w/ cover","Composite",
"KDarkWalnutMCB-BOM","Kirami Breezy M Dark Walnut Hot Tub Unit","Simple","1"

"SKU-PCZHX3K3ZR","Delivita Build a Bundle","Variable",
"OB-Unit","Delivita Build a Bundle - Orange Blaze","Simple",
"HG-Unit","Delivita Build a Bundle - Hale Grey","Simple",
"BD-Unit","Delivita Build a Bundle - Blue Diamond","Simple",
"OG-Unit","Delivita Build a Bundle - Olive Green","Simple",
"EF-Unit","Delivita Build a Bundle - Emerald Fire","Simple",
"CR-Unit","Delivita Build a Bundle - Chilli Red","Simple",
"BH-Unit","Delivita Build a Bundle - Berry Hot","Simple",
"VB-Unit","Delivita Build a Bundle - Very Black","Simple",

"CWBN48BIRCHNET12","Calido Wood Briquettes + Net Bag Bundle - 48 Packs of Briquettes w/ 12 Birch Net Bags","Composite",
"BIRCHNET1","Single Birch Net","Simple","12"
"CWBN1","Calido Wood Briquettes","Simple","48"

"SKU-IQNCBCT37E","Hot Blox - Hardwood Heat Logs","Variable",
"HOTBLOX48","Hot Blox - Hardwood Heat Logs - Half Pallet","Simple",
"HOTBLOX96","Hot Blox - Hardwood Heat Logs - Full Pallet","Simple",
"HOTBLOX24","Hot Blox - Hardwood Heat Logs - Quarter Pallet","Simple",

"967850603Kit","Husqvarna 535iRX Battery Trimmer - Unit + BLi300 &amp; QC330","Composite",
"970522202","Husqvarna QC330 Battery Charger","Simple","1"
"967071901","Husqvarna BLi300 Battery 36w/9.4Ah","Simple","1"
"967850605-BOM","Husqvarna 535iRX Battery Trimmer Unit","Simple","1"

"1010CC","Delivita Pizza Oven Emerald Fire - Complete Collection","Composite",
"COMPLETECOLLECTION","Delivita Complete Collection","Simple","1"
"1010","Delivita Pizza Oven Emerald Fire - Unit","Simple","1"

"BIRCHCRATE117/CWBN18","Kiln Dried Birch Crate + Calido Wood Briquettes Bundle","Composite",
"BIRCHCRATE117","Kiln Dried Birch Firewood - 1.17m3 Crate","Simple","1"
"CWBN1","Calido Wood Briquettes","Simple","18"

"SKU-T8TS1YUSHZ","Husqvarna Hedge Trimmer 115iHD45","Variable",
"967098302","Husqvarna Hedge Trimmer 115iHD45 - 115iHD45 - KIT (includes unit, BLi10 &amp; QC80)","Simple",
"967098301","Husqvarna Hedge Trimmer 115iHD45 - 115iHD45 - unit only","Simple",

"SKU-DYTJEU5JEE","Husqvarna Functional Protective Carpenter Trousers","Variable",
"596304546","Husqvarna Functional Protective Carpenter Trousers - 32""","Simple",
"596304548","Husqvarna Functional Protective Carpenter Trousers - 34""","Simple",
"596304550","Husqvarna Functional Protective Carpenter Trousers - 35""","Simple",

"967098801-VAR","Husqvarna 115iL Battery Trimmer","Variable",
"967098802","Husqvarna 115iL Battery Trimmer - 115iL Kit - BLi10 + QC80","Simple",
"967098801","Husqvarna 115iL Battery Trimmer - 115iL Unit Only","Simple",

"OG-Unit","Delivita Build a Bundle - Olive Green","Composite",
"1001","Delivita Pizza Oven Olive Green - Unit","Simple","1"

"CWB96TRADE","TRADE | Calido Wood Briquettes | Full Pallet","Composite",
"CWBN1","Calido Wood Briquettes","Simple","96"

"KFLCB-POBLED","Kirami Family L CoalBlack Hot Tub (6-8 people) - Premium Ocean Blue LED Bundle","Composite",
"KFamilyLCB-BOM","Kirami Family L Hot Tub Unit (Coalblack w/ Oceanblue interior)","Simple","1"

"ASHNET12","12 Large Net Bags - Ash Logs","Composite",
"ASHNET1","Single Ash Net","Simple","12"

"009/AIRE03SS/MB-GP","Charnwood Aire 3 BLU Stove Glamping Package","Composite",
"010/AF110","Charnwood Stove Pod (for Aire 3 only)","Simple","1"
"009/AIRE03SS/MB","Charnwood Aire 3 Store Stand - 3kW","Simple","1"
"010/BU034","Charnwood Vertical Rear Flue Adaptor 125mm (5"")","Simple","1"

"SKU-6M1XZKLI7T","Husqvarna LC 142iS Battery Lawn Mower","Variable",
"970541902","Husqvarna LC 142iS Battery Lawn Mower - LC 142iS Kit","Simple",
"970541903","Husqvarna LC 142iS Battery Lawn Mower - LC 142iS Kit 2","Simple",
"970541901","Husqvarna LC 142iS Battery Lawn Mower - LC 142iS Unit","Simple",

"SKU-R0AKX76V4A","Husqvarna XP Power 2 Fuel","Variable",
"589227601","Husqvarna XP Power 2 Fuel - 1 Litre","Simple",

"BIRCHASHNET40","20 Large Birch Nets & 20 Large Ash Nets","Composite",
"ASHNET1","Single Ash Net","Simple","20"
"BIRCHNET1","Single Birch Net","Simple","20"

"SKU-RQYTDMAXF8","RB73 - Quaruba XXL Outdoor Woodburner","Variable",
"RB-10XXL-4-Side","RB73 - Quaruba XXL Outdoor Woodburner - 4 Glass Sides","Simple",
"RB-10XXL-3-Side","RB73 - Quaruba XXL Outdoor Woodburner - 3 Glass Sides","Simple",
"RB-10XXL-1-Side","RB73 - Quaruba XXL Outdoor Woodburner - 1 Glass Side","Simple",
"RB-10XXL-2-Side","RB73 - Quaruba XXL Outdoor Woodburner - 2 Glass Sides","Simple",

"KST-PB","Kirami Steady M Thermowood Hot Tub (4-6 people) - Premium Bundle","Composite",
"SPELTI-CMC","Kirami Air Vent for External Heaters","Simple","1"
"KSteadyMTW-BOM","Kirami Steady M Thermowood Hot Tub Unit","Simple","1"
"CTLO","Kirami Ash Shovel for External Heaters","Simple","1"
"IC1900U","Premium Insulated Medium Cover","Simple","1"
"TWR50K","Kirami Stepin Thermowood Steps","Simple","1"
"KiramiGrate","Kirami Grate","Simple","1"

"967884810Kit","Husqvarna 530iPT5 Battery Pole Saw - Unit + BLi200 &amp; QC330","Composite",
"970522202","Husqvarna QC330 Battery Charger","Simple","1"
"967091901","Husqvarna BLi200 Battery 36w/5.2Ah","Simple","1"
"967884810","Husqvarna 530iPT5 Battery Pole Saw - 25cm / 10"" Bar &amp; Chain","Simple","1"

"KT-PB","Kirami Tiny Hot Tub (1-2 people) - Premium Bundle","Composite",
"2973","Premium Insulated Cover - Tiny","Simple","1"
"KTiny-BOM","Kirami Tiny Hot Tub Unit","Simple","1"
"SPELTI-CMC","Kirami Air Vent for External Heaters","Simple","1"
"CTLO","Kirami Ash Shovel for External Heaters","Simple","1"
"TWR50K","Kirami Stepin Thermowood Steps","Simple","1"

"RCH12x2","BigK ""Mixed Size"" Restaurant Grade Charcoal Twin Pack","Composite",
"RCH12","Big K Charcoal 12KG","Simple","2"

"ASHCRATE117/CFL18","Kiln Dried Ash Crate + Fire Log Briquette Bundle","Composite",
"ASHCRATE117","Kiln Dried Ash Firewood - 1.17m3 Crate","Simple","1"
"CFL1","Calido Fire Log Briquettes","Simple","18"

"ASHNET24-1","Net Bags - Ash - Product Bundle Test","Composite",
"ASHNET1","Single Ash Net","Simple","24"

"CWBN48ASHNET12","Calido Wood Briquettes + Net Bag Bundle - 48 Packs of Briquettes w/ 12 Ash Net Bags","Composite",
"ASHNET1","Single Ash Net","Simple","12"
"CWBN1","Calido Wood Briquettes","Simple","48"

"970501700","Husqvarna Petrol Chainsaw 560 XP® - Unit Only","Composite",
"560XP-BOM","Husqvarna 560XP Chainsaw Unit Only","Simple","1"

"SKU-1XFMP9YGV9","Husqvarna Xplorer Fleece Vest Jacket - Granite Grey","Variable",
"593254450","Husqvarna Xplorer Fleece Vest Jacket - Granite Grey - Medium","Simple",
"593254446","Husqvarna Xplorer Fleece Vest Jacket - Granite Grey - Small","Simple",
"593254454","Husqvarna Xplorer Fleece Vest Jacket - Granite Grey - Large","Simple",
"593254458","Husqvarna Xplorer Fleece Vest Jacket - Granite Grey - Extra Large","Simple",

"SKU-SBF9GD7RRD","Charnwood Arc 5 w/ Store Stand - 5kW","Variable",
"009/ARC05SS/GM","Charnwood Arc 5 w/ Store Stand - 5kW - Gunmetal","Simple",
"009/ARC05SS/MB","Charnwood Arc 5 w/ Store Stand - 5kW - Black","Simple",

"CFL24","Calido Fire Log Briquettes - Quarter Pallet","Composite",
"CFL1","Calido Fire Log Briquettes","Simple","24"

"SKU-1ZDHT5JZ99","Husqvarna Hedge Trimmer 520iHD60","Variable",
"967915602","Husqvarna Hedge Trimmer 520iHD60 - Unit Only","Simple",
"967915602-Kit","Husqvarna Hedge Trimmer 520iHD60 - Unit + BLi200 &amp; QC330","Simple",

"SKU-N0N5RM436L","Long Burning Night Briquettes - Pallets","Variable",
"LBNB-42","Long Burning Night Briquettes - Pallets - Half Pallet","Simple",
"LBNB-24","Long Burning Night Briquettes - Pallets - Quarter Pallet","Simple",
"LBNB-84","Long Burning Night Briquettes - Pallets - Full Pallet","Simple",

"SKU-3CW77IV2P0","Husqvarna XP 2 Stroke Engine Oil","Variable",
"578180303","Husqvarna XP 2 Stroke Engine Oil - 100ml","Simple",
"578037003","Husqvarna XP 2 Stroke Engine Oil - 1 Litre","Simple",
"578180003","Husqvarna XP 2 Stroke Engine Oil - 10 Litre","Simple",
"578037103","Husqvarna XP 2 Stroke Engine Oil - 4 Litre","Simple",

"970501715","Husqvarna Petrol Chainsaw 560 XP® - 15""","Composite",
"560XP-BOM","Husqvarna 560XP Chainsaw Unit Only","Simple","1"

"1004-WFCB","Delivita Pizza Oven Hale Grey - Wood-Fired Chef's Bundle","Composite",
"WOODFIREDCOLLECTION","Delivita Wood-Fired Chefs Collection","Simple","1"
"1004","Delivita Pizza Oven Hale Grey - Unit","Simple","1"

"1003-CCB","Delivita Pizza Oven Very Black - Complete Collection Bundle","Composite",
"1003","Delivita Pizza Oven Very Black - Unit","Simple","1"
"COMPLETECOLLECTION","Delivita Complete Collection","Simple","1"

"967915602-Kit","Husqvarna Hedge Trimmer 520iHD60 - Unit + BLi200 &amp; QC330","Composite",
"970522202","Husqvarna QC330 Battery Charger","Simple","1"
"520iHD60-BOM","Husqvarna Hedge Trimmer 520iHD60 Unit Only","Simple","1"
"967091901","Husqvarna BLi200 Battery 36w/5.2Ah","Simple","1"

"HOTTIES1SAMPLE","Hotties Heat Logs - Sample Pack","Composite",
"HOTTIES1","Hotties Heat Logs - Single Pack","Simple","1"

"SKU-MPPE7URSJR","RB73 - Quaruba XL Mobile Outdoor Heater","Variable",
"RB-10XLM-3-Side","RB73 - Quaruba XL Mobile Outdoor Heater - 3 Glass Sides","Simple",
"RB-10XLM-4-Side","RB73 - Quaruba XL Mobile Outdoor Heater - 4 Glass Sides","Simple",

"CFL1SP","Calido Fire Log Briquettes Sample Pack","Composite",
"CFL1","Calido Fire Log Briquettes","Simple","1"

"KHCB-BBPC","Kirami Hazy M Coalback Hot Tub (4-6 people) - Standard Bundle","Composite",
"KHazyCB-BOM","Kirami Hazy Coalblack - Unit Only","Simple","1"

"KiramiFamilyLCoalBlackHotTub","Kirami Family L CoalBlack Hot Tub (6-8 people)","Variable",
"KFLCB-BBPC","Kirami Family L CoalBlack Hot Tub (6-8 people) - Standard Bundle","Simple",
"KFLCB-POBLED","Kirami Family L CoalBlack Hot Tub (6-8 people) - Premium Ocean Blue LED Bundle","Simple",
"KFLCB-PB","Kirami Family L CoalBlack Hot Tub (6-8 people) - Premium Bundle","Simple",

"EGZ6-VAR","Ego Z6 Battery Powered Zero Turn Ride On Mower","Variable",
"EGZ6-40Ah","Ego Z6 Battery Powered Zero Turn Ride On Mower - Ego Z6 40Ah Kit","Simple",
"EGZ6-15Ah","Ego Z6 Battery Powered Zero Turn Ride On Mower - Ego Z6 15Ah Kit","Simple",
"EGZ6-60Ah","Ego Z6 Battery Powered Zero Turn Ride On Mower - Ego Z6 60Ah Kit","Simple",

"CWBN2PACK","Calido Wood Briquettes - Twin Pack","Composite",
"CWBN1","Calido Wood Briquettes","Simple","2"

"SKU-UMAWUQO7EM","Husqvarna Gloves (technical with saw protection)","Variable",
"599651208","Husqvarna Gloves (technical with saw protection) - Size 8","Simple",
"599651209","Husqvarna Gloves (technical with saw protection) - Size 9","Simple",
"595003410","Husqvarna Gloves (technical with saw protection) - Size 10","Simple",

"SKU-2KXJG3UDRN","Husqvarna 585 90cc Petrol Chainsaw","Variable",
"970493024","Husqvarna 585 90cc Petrol Chainsaw - 24""","Simple",
"970493028","Husqvarna 585 90cc Petrol Chainsaw - 28""","Simple",
"970493020","Husqvarna 585 90cc Petrol Chainsaw - 20""","Simple",
"970493001","Husqvarna 585 90cc Petrol Chainsaw - Unit Only","Simple",

"967893912Kit","Husqvarna T535iXP Battery Chainsaw - Unit + BLi200 &amp; QC330","Composite",
"970522202","Husqvarna QC330 Battery Charger","Simple","1"
"967091901","Husqvarna BLi200 Battery 36w/5.2Ah","Simple","1"
"T535iXP-BOM","Husqvarna Chainsaw T535iXP Unit Only","Simple","1"

"LBNB-TWINPACK","Night Briquettes - 24 Briquettes","Composite",
"NGT1","Long Burn Bark Briquettes","Simple","2"

"967893912","Husqvarna T535iXP Battery Chainsaw - 30cm / 12"" Bar &amp; Chain","Composite",
"T535iXP-BOM","Husqvarna Chainsaw T535iXP Unit Only","Simple","1"

"SKU-X5I5YUH6Q8","Husqvarna Combi Trimmer 325ILK","Variable",
"967850101","Husqvarna Combi Trimmer 325ILK - Bare Unit","Simple",
"967850101-kit","Husqvarna Combi Trimmer 325ILK - 325ilk Kit (includes QC250 Charger &amp; BLi30 Battery)","Simple",

"967690813","Husqvarna Chainsaw 550XP Mark II - 33cm / 13"" Bar","Composite",
"550XPII-BOM","Husqvarna Chainsaw 550XP Mark II (Unit Only)","Simple","1"

"1006-CCB","Delivita Pizza Oven Blue Diamond - Complete Collection Bundle","Composite",
"1006","Delivita Pizza Oven Blue Diamond - Unit","Simple","1"
"COMPLETECOLLECTION","Delivita Complete Collection","Simple","1"

"967690815","Husqvarna Chainsaw 550XP Mark II - 37cm / 15"" Bar","Composite",
"550XPII-BOM","Husqvarna Chainsaw 550XP Mark II (Unit Only)","Simple","1"

"KHCB-PB","Kirami Hazy M Coalback Hot Tub (4-6 people) - Premium Bundle","Composite",
"2723","Kirami Stepin Coalblack Steps","Simple","1"
"SPELTI-CMC","Kirami Air Vent for External Heaters","Simple","1"
"CTLO","Kirami Ash Shovel for External Heaters","Simple","1"
"IC1900U","Premium Insulated Medium Cover","Simple","1"
"KHazyCB-BOM","Kirami Hazy Coalblack - Unit Only","Simple","1"
"KiramiGrate","Kirami Grate","Simple","1"

"SKU-685GATY0OC","Husqvarna 120iTK4-PH Cordless Pole Saw","Variable",
"970515903","Husqvarna 120iTK4-PH Cordless Pole Saw - 120iTK4 + PK4 + HK4","Simple",
"970515906","Husqvarna 120iTK4-PH Cordless Pole Saw - 120iTK4 + PK4 + HK4 + BLi10 + QC80","Simple",

"PTB18","Pizza Tronchetti Briquettes - Small Pallet","Composite",
"PTB1","Pizza Tronchetti Briquettes - In Store","Simple","18"

"TLC2003-2-1","Kirami Hazy M DarkWalnut Hot Tub (4-6 people)","Variable",
"KHDW-PB","Kirami Hazy M DarkWalnut Hot Tub (4-6 people) - Premium Bundle","Simple",
"KHDW-PBLED","Kirami Hazy M DarkWalnut Hot Tub (4-6 people) - Premium LED Bundle","Simple",
"KHDW-BB","Kirami Hazy M DarkWalnut Hot Tub (4-6 people) - Starter Bundle","Simple",
"KHDW-BBPC","Kirami Hazy M DarkWalnut Hot Tub (4-6 people) - Standard Bundle","Simple",

"967690818","Husqvarna Chainsaw 550XP Mark II - 45cm / 18"" Bar","Composite",
"550XPII-BOM","Husqvarna Chainsaw 550XP Mark II (Unit Only)","Simple","1"

"SKU-DWBIHQWXII","Charnwood C-Five (C5) Heat Shield","Variable",
"010/NR057/MB","Charnwood C-Five (C5) Heat Shield - Matt Black","Simple",

"SKU-0JB5GDFM0D","Charnwood C Series High Legs Set","Variable",
"010/ER051S/MB","Charnwood C Series High Legs Set - Matt Black","Simple",

"EF-Unit","Delivita Build a Bundle - Emerald Fire","Composite",
"1010","Delivita Pizza Oven Emerald Fire - Unit","Simple","1"

"","Contura 620TG Style - 6kW","Variable",
"C620TG:2","Contura 620TG Style - 6kW - Black w/ warming shelf","Simple",
"C620TG:1","Contura 620TG Style - 6kW - Black","Simple",

"KFLCB-PB","Kirami Family L CoalBlack Hot Tub (6-8 people) - Premium Bundle","Composite",
"2723","Kirami Stepin Coalblack Steps","Simple","1"
"SPELTI-CMC","Kirami Air Vent for External Heaters","Simple","1"
"KFamilyLCB-BOM-2","Kirami Family L Hot Tub Unit (Coalblack) - BOM","Simple","1"
"CTLO","Kirami Ash Shovel for External Heaters","Simple","1"
"IC2600U","Kirami Premium Insulated Large Cover","Simple","1"
"KiramiGrate","Kirami Grate","Simple","1"

"2970-1-SB","NEW Kirami Tiny Hot Tub (1-2 people) - Standard Bundle","Composite",
"SPELTI-CMC","Kirami Air Vent for External Heaters","Simple","1"
"KTiny-BOM-1","Kirami Tiny Hot Tub Unit - NEW","Simple","1"

"PTB36","Pizza Tronchetti Briquettes - Medium Pallet","Composite",
"PTB1","Pizza Tronchetti Briquettes - In Store","Simple","36"

"SKU-KNNEOO4ION","Husqvarna 110iL Battery Grass Trimmer","Variable",
"970531202","Husqvarna 110iL Battery Grass Trimmer - 110iL Kit (Inc. B70 Battery &amp; C80 Charger)","Simple",
"970531201","Husqvarna 110iL Battery Grass Trimmer - 110iL Unit Only","Simple",

"SKU-NGV6ME3TW6","Pizza Tronchetti Briquettes Box","Variable",
"PTBBOX3","Pizza Tronchetti Briquettes Box - 3 Boxes","Simple",
"PTBBOX1","Pizza Tronchetti Briquettes Box - 1 Box","Simple",

"967690801","Husqvarna Chainsaw 550XP Mark II - Unit Only","Composite",
"550XPII-BOM","Husqvarna Chainsaw 550XP Mark II (Unit Only)","Simple","1"

"SKU-DMJSZAKVT1","Contura 596G Style - 5kW","Variable",
"C596G:3","Contura 596G Style - 5kW - Black w/ soapstone top","Simple",
"C596G:4","Contura 596G Style - 5kW - White w/ aluminium top","Simple",
"C596G:2","Contura 596G Style - 5kW - Black w/ glass top","Simple",
"C596G:1","Contura 596G Style - 5kW - Black w/ aluminium top","Simple",

"CR-Unit","Delivita Build a Bundle - Chilli Red","Composite",
"1005","Delivita Pizza Oven Chilli Red - Unit","Simple","1"

"BH-Unit","Delivita Build a Bundle - Berry Hot","Composite",
"1009","Delivita Pizza Oven Berry Hot - Unit","Simple","1"

"SKU-9DVQZEPCFD","Pizza Tronchetti Briquettes","Variable",
"PTB18","Pizza Tronchetti Briquettes - Small Pallet","Simple",
"PTB36","Pizza Tronchetti Briquettes - Medium Pallet","Simple",
"PTB63","Pizza Tronchetti Briquettes - Large Pallet","Simple",

"LBNB-84","Long Burning Night Briquettes - Pallets - Full Pallet","Composite",
"NGT1","Long Burn Bark Briquettes","Simple","84"

"967864014","Husqvarna 540iXP Battery Chainsaw - 35cm / 14'' Bar &amp; Chain","Composite",
"967864016-BOM","Husqvarna 540iXP Chainsaw (Unit Only)","Simple","1"

"VB-Unit","Delivita Build a Bundle - Very Black","Composite",
"1003","Delivita Pizza Oven Very Black - Unit","Simple","1"

"HOTBLOX24","Hot Blox - Hardwood Heat Logs - Quarter Pallet","Composite",
"HOTBLOX1","Hot Blox - Single Pack","Simple","24"

"KFTL-BB","Kirami Family L Thermowood Hot Tub (6-8 people) - Standard Bundle","Composite",
"SPELTI-CMC","Kirami Air Vent for External Heaters","Simple","1"
"KFamilyLTW-BOM","Kirami Family L Hot Tub Unit (Thermowood)","Simple","1"

"TLC2003-3","Kirami Breezy M Dark Walnut Hot Tub (4-6 people)","Variable",
"KBDW-BBPC","Kirami Breezy M Dark Walnut Hot Tub (4-6 people) - Standard Bundle","Simple",
"KBDW-PBLED","Kirami Breezy M Dark Walnut Hot Tub (4-6 people) - Premium LED Bundle","Simple",
"KBDW-PB","Kirami Breezy M Dark Walnut Hot Tub (4-6 people) - Premium Bundle","Simple",
"KBDW-BB","Kirami Breezy M Dark Walnut Hot Tub (4-6 people) - Basic Bundle w/ cover","Simple",

"SKU-M5CUXTGQK0","Husqvarna 592 XP Petrol Chainsaw 90cc","Variable",
"970493130","Husqvarna 592 XP Petrol Chainsaw 90cc - 20"" Bar &amp; Chain","Simple",
"970493101","Husqvarna 592 XP Petrol Chainsaw 90cc - Unit Only","Simple",
"970493128","Husqvarna 592 XP Petrol Chainsaw 90cc - 28""","Simple",
"970493124","Husqvarna 592 XP Petrol Chainsaw 90cc - 24"" Bar &amp; Chain","Simple",

"1009-Unit","Delivita Pizza Oven Berry Hot - Pizza Oven Only","Composite",
"1009","Delivita Pizza Oven Berry Hot - Unit","Simple","1"

"SKU-A5UQK8VYKQ","Contura 690T Style - 6kW","Variable",
"C690T:1","Contura 690T Style - 6kW - Black","Simple",
"C690T:2","Contura 690T Style - 6kW - Grey","Simple",

"1010WFCB","Delivita Pizza Oven Emerald Fire - Wood-Fired Chef's Bundle","Composite",
"WOODFIREDCOLLECTION","Delivita Wood-Fired Chefs Collection","Simple","1"
"1010","Delivita Pizza Oven Emerald Fire - Unit","Simple","1"

"SKU-UK2ZP65XCO","Husqvarna Rain Trousers Coated","Variable",
"523080546","Husqvarna Rain Trousers Coated - S","Simple",
"523080550","Husqvarna Rain Trousers Coated - M","Simple",
"523080554","Husqvarna Rain Trousers Coated - L","Simple",
"523080558","Husqvarna Rain Trousers Coated - XL","Simple",

"ASHNET28","28 Large Net Bags – Ash","Composite",
"ASHNET1","Single Ash Net","Simple","28"

"ASHNET40","40 Large Net Bags - Ash","Composite",
"ASHNET1","Single Ash Net","Simple","40"

"KiramiFamilyMThermowoodHotTub","Kirami Family M Thermowood Hot Tub (3-5 people)","Variable",
"KFMT-PB","Kirami Family M Thermowood Hot Tub (3-5 people) - Premium Bundle","Simple",
"KFMT-PBLED","Kirami Family M Thermowood Hot Tub (3-5 people) - Premium LED Bundle","Simple",
"KFMT-BBPC","Kirami Family M Thermowood Hot Tub (3-5 people) - Standard Bundle","Simple",
"KFMT-SB","Kirami Family M Thermowood Hot Tub (3-5 people) - Starter Bundle","Simple",

"SKU-IYZEAN2H70","Husqvarna Mineral Chain Oil","Variable",
"579396101","Husqvarna Mineral Chain Oil - 5 Litre","Simple",
"579396201","Husqvarna Mineral Chain Oil - 20 Litre","Simple",
"579396001","Husqvarna Mineral Chain Oil - 1 Litre","Simple",

"SKU-VQFDJHUV32","Husqvarna Technical Gloves","Variable",
"599650309","Husqvarna Technical Gloves - Size 9","Simple",
"599650310","Husqvarna Technical Gloves - Size 10","Simple",

"SKU-6LWGGVIO6A","Husqvarna Saw chain X-CUT SP21G Semi chisel PIXEL .325"" mini 1.1 mm","Variable",
"593914151","Husqvarna Saw chain X-CUT SP21G Semi chisel PIXEL .325"" mini 1.1 mm - 12"" Chain","Simple",
"593914164","Husqvarna Saw chain X-CUT SP21G Semi chisel PIXEL .325"" mini 1.1 mm - 16"" Chain","Simple",
"593914159","Husqvarna Saw chain X-CUT SP21G Semi chisel PIXEL .325"" mini 1.1 mm - 14"" Chain","Simple",

"SKU-BAN2LI6LTN","Husqvarna Protective Leather boots F24 (with saw protection)","Variable",
"595087342","Husqvarna Protective Leather boots F24 (with saw protection) - Size 8","Simple",
"595087344","Husqvarna Protective Leather boots F24 (with saw protection) - Size 9.5","Simple",
"595087345","Husqvarna Protective Leather boots F24 (with saw protection) - Size 10.5","Simple",

"SKU-BXSH7TR2NW","Husqvarna 315iC Battery Trimmer","Variable",
"967915911","Husqvarna 315iC Battery Trimmer - 315iC Unit Only","Simple",
"967915911Kit","Husqvarna 315iC Battery Trimmer - Unit + BLi20 &amp; QC80","Simple",

"SKU-HTWXV2VS10","Calido Fire Log Briquettes + Net Bag Bundle","Variable",
"CFL48BIRCHNET12","Calido Fire Log Briquettes + Net Bag Bundle - 48 Packs of Fire Logs w/ 12 Birch Net Bags","Simple",
"CFL48ASHNET12","Calido Fire Log Briquettes + Net Bag Bundle - 48 Packs of Fire Logs w/ 12 Ash Net Bags","Simple",

"SKU-00N511WEHX","Husqvarna Classic Waist Trousers","Variable",
"595001448","Husqvarna Classic Waist Trousers - 34""","Simple",
"529518946","Husqvarna Classic Waist Trousers - 32""","Simple",
"595001452","Husqvarna Classic Waist Trousers - 36""","Simple",

"SKU-LNG077UPTT","Charnwood Aire 5 Store Stand – 5kW","Variable",
"009/AIRE05SS/GM","Charnwood Aire 5 Store Stand – 5kW - Gunmetal Grey","Simple",
"009/AIRE05SS/MB","Charnwood Aire 5 Store Stand – 5kW - Matt Black","Simple",

"KFMT-SB","Kirami Family M Thermowood Hot Tub (3-5 people) - Starter Bundle","Composite",
"KFamilyM-BOM","Kirami Family M Hot Tub Unit (Thermowood)","Simple","1"

"KHDW-BB","Kirami Hazy M DarkWalnut Hot Tub (4-6 people) - Starter Bundle","Composite",
"KHazyDW-BOM","Kirami Hazy Dark Walnut - Unit Only","Simple","1"

"SKU-33YF1CGV45","Husqvarna Petrol Chainsaw 560 XP®","Variable",
"970501718","Husqvarna Petrol Chainsaw 560 XP® - 18""","Simple",
"970501700","Husqvarna Petrol Chainsaw 560 XP® - Unit Only","Simple",
"970501715","Husqvarna Petrol Chainsaw 560 XP® - 15""","Simple",

"SKU-FUL7KZ8VYW","Husqvarna Lawn Mower LC 141iV","Variable",
"967099201","Husqvarna Lawn Mower LC 141iV - Unit Only","Simple",
"967099202","Husqvarna Lawn Mower LC 141iV - Unit + BLi20 &amp; QC80","Simple",

"KHDW-BBPC","Kirami Hazy M DarkWalnut Hot Tub (4-6 people) - Standard Bundle","Composite",
"PC1900-K","Kirami ABS Cover 170cm","Simple","1"
"SPELTI-CMC","Kirami Air Vent for External Heaters","Simple","1"
"KHazyDW-BOM","Kirami Hazy Dark Walnut - Unit Only","Simple","1"

"PTB63","Pizza Tronchetti Briquettes - Large Pallet","Composite",
"PTB1","Pizza Tronchetti Briquettes - In Store","Simple","63"

"SKU-BV8A2ED61R","Delivita Pizza Oven Very Black","Variable",
"1003-WFCB","Delivita Pizza Oven Very Black - Wood-Fired Chef's Bundle","Simple",
"1003-PB","Delivita Pizza Oven Very Black - Pizzaiolo Bundle","Simple",
"1003-Unit","Delivita Pizza Oven Very Black - Pizza Oven Only","Simple",
"1003-CCB","Delivita Pizza Oven Very Black - Complete Collection Bundle","Simple",

"SKU-GJY0ZNZYEM","Husqvarna 120iB Battery Leaf Blower","Variable",
"967976102","Husqvarna 120iB Battery Leaf Blower - 120iB Blower Kit","Simple",
"967976101","Husqvarna 120iB Battery Leaf Blower - 120iB Bare Unit","Simple",

"KT-BBPC","Kirami Tiny Hot Tub (1-2 people) - Standard Bundle","Composite",
"KTiny-BOM","Kirami Tiny Hot Tub Unit","Simple","1"
"SPELTI-CMC","Kirami Air Vent for External Heaters","Simple","1"

"1004-PB","Delivita Pizza Oven Hale Grey - Pizzaiolo Bundle","Composite",
"1004","Delivita Pizza Oven Hale Grey - Unit","Simple","1"
"PIZZAIOLOCOLLECTION","Delivita Pizzaiolo Collection","Simple","1"

"SKU-EAXECAWKTE","Husqvarna Bar Cover","Variable",
"501834504","Husqvarna Bar Cover - 24-28""","Simple",
"501834411","Husqvarna Bar Cover - 18-20""","Simple",
"501834409","Husqvarna Bar Cover - 13-16""","Simple",

"970500902","Husqvarna LC 137i Lawn Mower - LC 137i Kit (includes BLi20 &amp; QC80)","Composite",
"967335651","Husqvarna QC80 Charger","Simple","1"
"967091701","Husqvarna BLi20 Battery","Simple","1"
"967628401-BOM","Husqvarna LC 137i Lawn Mower Unit Only","Simple","1"

"ASHNET32","32 Large Net Bags - Ash","Composite",
"ASHNET1","Single Ash Net","Simple","32"

